------------------------------------------------------------------------------------------------------------------------

[2025-10-08 19:41:32 #1 store] 
Database 'C:\Users\ikers\Downloads\Rides24\src\main\resources\rides.temp' is opened by 26036@DESKTOP-UM9CPDO

[2025-10-08 19:41:33 #2 type.registry] 
New type domain.User

[2025-10-08 19:41:33 #3 type.registry] 
New type domain.Driver

[2025-10-08 19:41:33 #4 type] 
Type domain.User is not enhanced.

[2025-10-08 19:41:33 #5 type.registry] 
New type domain.Balorazioa

[2025-10-08 19:41:33 #6 type.registry] 
New type domain.Mugimendua

[2025-10-08 19:41:33 #7 type] 
Type domain.Driver is not enhanced.

[2025-10-08 19:41:33 #8 type.registry] 
New type domain.Erreklamazioa

[2025-10-08 19:41:33 #9 type.registry] 
New type domain.Kotxea

[2025-10-08 19:41:33 #10 type.registry] 
New type domain.Ride

[2025-10-08 19:41:33 #11 type] 
Type domain.Balorazioa is not enhanced.

[2025-10-08 19:41:33 #12 type] 
Type domain.Mugimendua is not enhanced.

[2025-10-08 19:41:33 #13 type] 
Type domain.Erreklamazioa is not enhanced.

[2025-10-08 19:41:33 #14 type.registry] 
New type domain.Mezua

[2025-10-08 19:41:33 #15 type.registry] 
New type domain.Erreserba

[2025-10-08 19:41:33 #16 type.registry] 
New type domain.Admin

[2025-10-08 19:41:33 #17 type.registry] 
New type domain.Bidaiaria

[2025-10-08 19:41:33 #18 type] 
Type domain.Kotxea is not enhanced.

[2025-10-08 19:41:33 #19 type] 
Type domain.Ride is not enhanced.

[2025-10-08 19:41:33 #20 type] 
Type domain.Mezua is not enhanced.

[2025-10-08 19:41:33 #21 type] 
Type domain.Erreserba is not enhanced.

[2025-10-08 19:41:33 #22 type] 
Type domain.Admin is not enhanced.

[2025-10-08 19:41:33 #23 type] 
Type domain.Bidaiaria is not enhanced.

[2025-10-08 19:41:33 #24 type.registry] 
New type domain.Alerta

[2025-10-08 19:41:33 #25 type] 
Type domain.Alerta is not enhanced.

[2025-10-08 19:41:33 #26 type.registry] 
New type domain.Erreklamazioa

[2025-10-08 19:41:33 #27 type.registry] 
New type domain.Mezua

[2025-10-08 19:41:33 #28 type.registry] 
New type domain.Erreserba

[2025-10-08 19:41:33 #29 type.registry] 
New type domain.Admin

[2025-10-08 19:41:33 #30 type.registry] 
New type domain.User

[2025-10-08 19:41:33 #31 type.registry] 
New type domain.Driver

[2025-10-08 19:41:33 #32 type.registry] 
New type domain.Bidaiaria

[2025-10-08 19:41:33 #33 type.registry] 
New type domain.Ride

[2025-10-08 19:41:33 #34 type.registry] 
New type domain.Balorazioa

[2025-10-08 19:41:33 #35 type.registry] 
New type domain.Mugimendua

[2025-10-08 19:41:33 #36 type.registry] 
New type domain.Kotxea

[2025-10-08 19:41:33 #37 type.registry] 
New type domain.Alerta

[2025-10-08 19:41:33 #38 type.registry] 
New type domain.Erreklamazioa

[2025-10-08 19:41:33 #39 type.registry] 
New type domain.Mezua

[2025-10-08 19:41:33 #40 type.registry] 
New type domain.Erreserba

[2025-10-08 19:41:33 #41 type.registry] 
New type domain.Admin

[2025-10-08 19:41:33 #42 type.registry] 
New type domain.User

[2025-10-08 19:41:33 #43 type.registry] 
New type domain.Driver

[2025-10-08 19:41:33 #44 type.registry] 
New type domain.Bidaiaria

[2025-10-08 19:41:33 #45 type.registry] 
New type domain.Ride

[2025-10-08 19:41:33 #46 type.registry] 
New type domain.Balorazioa

[2025-10-08 19:41:33 #47 type.registry] 
New type domain.Mugimendua

[2025-10-08 19:41:33 #48 type.registry] 
New type domain.Kotxea

[2025-10-08 19:41:33 #49 type.registry] 
New type domain.Alerta

[2025-10-08 19:41:33 #50 type.registry] 
New type domain.Erreklamazioa

[2025-10-08 19:41:33 #51 type.registry] 
New type domain.Mezua

[2025-10-08 19:41:33 #52 type.registry] 
New type domain.Erreserba

[2025-10-08 19:41:33 #53 type.registry] 
New type domain.Admin

[2025-10-08 19:41:33 #54 type.registry] 
New type domain.User

[2025-10-08 19:41:33 #55 type.registry] 
New type domain.Driver

[2025-10-08 19:41:33 #56 type.registry] 
New type domain.Bidaiaria

[2025-10-08 19:41:33 #57 type.registry] 
New type domain.Ride

[2025-10-08 19:41:33 #58 type.registry] 
New type domain.Balorazioa

[2025-10-08 19:41:33 #59 type.registry] 
New type domain.Mugimendua

[2025-10-08 19:41:33 #60 type.registry] 
New type domain.Kotxea

[2025-10-08 19:41:33 #61 type.registry] 
New type domain.Alerta

[2025-10-08 19:41:33 #62 type.registry] 
New type domain.Erreklamazioa

[2025-10-08 19:41:33 #63 type.registry] 
New type domain.Mezua

[2025-10-08 19:41:33 #64 type.registry] 
New type domain.Erreserba

[2025-10-08 19:41:33 #65 type.registry] 
New type domain.Admin

[2025-10-08 19:41:33 #66 type.registry] 
New type domain.User

[2025-10-08 19:41:33 #67 type.registry] 
New type domain.Driver

[2025-10-08 19:41:33 #68 type.registry] 
New type domain.Bidaiaria

[2025-10-08 19:41:33 #69 type.registry] 
New type domain.Ride

[2025-10-08 19:41:33 #70 type.registry] 
New type domain.Balorazioa

[2025-10-08 19:41:33 #71 type.registry] 
New type domain.Mugimendua

[2025-10-08 19:41:33 #72 type.registry] 
New type domain.Kotxea

[2025-10-08 19:41:33 #73 type.registry] 
New type domain.Alerta

[2025-10-08 19:41:33 #74 type.registry] 
New type domain.Erreklamazioa

[2025-10-08 19:41:33 #75 type.registry] 
New type domain.Mezua

[2025-10-08 19:41:33 #76 type.registry] 
New type domain.Erreserba

[2025-10-08 19:41:33 #77 type.registry] 
New type domain.Admin

[2025-10-08 19:41:33 #78 type.registry] 
New type domain.User

[2025-10-08 19:41:33 #79 type.registry] 
New type domain.Driver

[2025-10-08 19:41:33 #80 type.registry] 
New type domain.Bidaiaria

[2025-10-08 19:41:33 #81 type.registry] 
New type domain.Ride

[2025-10-08 19:41:33 #82 type.registry] 
New type domain.Balorazioa

[2025-10-08 19:41:33 #83 type.registry] 
New type domain.Mugimendua

[2025-10-08 19:41:33 #84 type.registry] 
New type domain.Kotxea

[2025-10-08 19:41:33 #85 type.registry] 
New type domain.Alerta

[2025-10-08 19:41:33 #86 type.registry] 
New type domain.Erreklamazioa

[2025-10-08 19:41:33 #87 type.registry] 
New type domain.Mezua

[2025-10-08 19:41:33 #88 type.registry] 
New type domain.Erreserba

[2025-10-08 19:41:33 #89 type.registry] 
New type domain.Admin

[2025-10-08 19:41:33 #90 type.registry] 
New type domain.User

[2025-10-08 19:41:33 #91 type.registry] 
New type domain.Driver

[2025-10-08 19:41:33 #92 type.registry] 
New type domain.Bidaiaria

[2025-10-08 19:41:33 #93 type.registry] 
New type domain.Ride

[2025-10-08 19:41:33 #94 type.registry] 
New type domain.Balorazioa

[2025-10-08 19:41:33 #95 type.registry] 
New type domain.Mugimendua

[2025-10-08 19:41:33 #96 type.registry] 
New type domain.Kotxea

[2025-10-08 19:41:33 #97 type.registry] 
New type domain.Alerta

[2025-10-08 19:41:33 #98 type.registry] 
New type domain.Erreklamazioa

[2025-10-08 19:41:33 #99 type.registry] 
New type domain.Mezua

[2025-10-08 19:41:33 #100 type.registry] 
New type domain.Erreserba

[2025-10-08 19:41:33 #101 type.registry] 
New type domain.Admin

[2025-10-08 19:41:33 #102 type.registry] 
New type domain.User

[2025-10-08 19:41:33 #103 type.registry] 
New type domain.Driver

[2025-10-08 19:41:33 #104 type.registry] 
New type domain.Bidaiaria

[2025-10-08 19:41:33 #105 type.registry] 
New type domain.Ride

[2025-10-08 19:41:33 #106 type.registry] 
New type domain.Balorazioa

[2025-10-08 19:41:33 #107 type.registry] 
New type domain.Mugimendua

[2025-10-08 19:41:33 #108 type.registry] 
New type domain.Kotxea

[2025-10-08 19:41:33 #109 type.registry] 
New type domain.Alerta

[2025-10-08 19:41:33 #110 type.registry] 
New type domain.Erreklamazioa

[2025-10-08 19:41:33 #111 type.registry] 
New type domain.Mezua

[2025-10-08 19:41:33 #112 type.registry] 
New type domain.Erreserba

[2025-10-08 19:41:33 #113 type.registry] 
New type domain.Admin

[2025-10-08 19:41:33 #114 type.registry] 
New type domain.User

[2025-10-08 19:41:33 #115 type.registry] 
New type domain.Driver

[2025-10-08 19:41:33 #116 type.registry] 
New type domain.Bidaiaria

[2025-10-08 19:41:33 #117 type.registry] 
New type domain.Ride

[2025-10-08 19:41:33 #118 type.registry] 
New type domain.Balorazioa

[2025-10-08 19:41:33 #119 type.registry] 
New type domain.Mugimendua

[2025-10-08 19:41:33 #120 type.registry] 
New type domain.Kotxea

[2025-10-08 19:41:33 #121 type.registry] 
New type domain.Alerta

[2025-10-08 19:41:33 #122 type.registry] 
New type domain.Erreklamazioa

[2025-10-08 19:41:33 #123 type.registry] 
New type domain.Mezua

[2025-10-08 19:41:33 #124 type.registry] 
New type domain.Erreserba

[2025-10-08 19:41:33 #125 type.registry] 
New type domain.Admin

[2025-10-08 19:41:33 #126 type.registry] 
New type domain.User

[2025-10-08 19:41:33 #127 type.registry] 
New type domain.Driver

[2025-10-08 19:41:33 #128 type.registry] 
New type domain.Bidaiaria

[2025-10-08 19:41:33 #129 type.registry] 
New type domain.Ride

[2025-10-08 19:41:33 #130 type.registry] 
New type domain.Balorazioa

[2025-10-08 19:41:33 #131 type.registry] 
New type domain.Mugimendua

[2025-10-08 19:41:33 #132 type.registry] 
New type domain.Kotxea

[2025-10-08 19:41:33 #133 type.registry] 
New type domain.Alerta

[2025-10-08 19:41:33 #134 type.registry] 
New type domain.Erreklamazioa

[2025-10-08 19:41:33 #135 type.registry] 
New type domain.Mezua

[2025-10-08 19:41:33 #136 type.registry] 
New type domain.Erreserba

[2025-10-08 19:41:33 #137 type.registry] 
New type domain.Admin

[2025-10-08 19:41:33 #138 type.registry] 
New type domain.User

[2025-10-08 19:41:33 #139 type.registry] 
New type domain.Driver

[2025-10-08 19:41:33 #140 type.registry] 
New type domain.Bidaiaria

[2025-10-08 19:41:33 #141 type.registry] 
New type domain.Ride

[2025-10-08 19:41:33 #142 type.registry] 
New type domain.Balorazioa

[2025-10-08 19:41:33 #143 type.registry] 
New type domain.Mugimendua

[2025-10-08 19:41:33 #144 type.registry] 
New type domain.Kotxea

[2025-10-08 19:41:33 #145 type.registry] 
New type domain.Alerta

[2025-10-08 19:41:33 #146 type.registry] 
New type domain.Erreklamazioa

[2025-10-08 19:41:33 #147 type.registry] 
New type domain.Mezua

[2025-10-08 19:41:33 #148 type.registry] 
New type domain.Erreserba

[2025-10-08 19:41:33 #149 type.registry] 
New type domain.Admin

[2025-10-08 19:41:33 #150 type.registry] 
New type domain.User

[2025-10-08 19:41:33 #151 type.registry] 
New type domain.Driver

[2025-10-08 19:41:33 #152 type.registry] 
New type domain.Bidaiaria

[2025-10-08 19:41:33 #153 type.registry] 
New type domain.Ride

[2025-10-08 19:41:33 #154 type.registry] 
New type domain.Balorazioa

[2025-10-08 19:41:33 #155 type.registry] 
New type domain.Mugimendua

[2025-10-08 19:41:33 #156 type.registry] 
New type domain.Kotxea

[2025-10-08 19:41:33 #157 type.registry] 
New type domain.Alerta

[2025-10-08 19:41:33 #158 type.registry] 
New type domain.Erreklamazioa

[2025-10-08 19:41:33 #159 type.registry] 
New type domain.Mezua

[2025-10-08 19:41:33 #160 type.registry] 
New type domain.Erreserba

[2025-10-08 19:41:33 #161 type.registry] 
New type domain.Admin

[2025-10-08 19:41:33 #162 type.registry] 
New type domain.User

[2025-10-08 19:41:33 #163 type.registry] 
New type domain.Driver

[2025-10-08 19:41:33 #164 type.registry] 
New type domain.Bidaiaria

[2025-10-08 19:41:33 #165 type.registry] 
New type domain.Ride

[2025-10-08 19:41:33 #166 type.registry] 
New type domain.Balorazioa

[2025-10-08 19:41:33 #167 type.registry] 
New type domain.Mugimendua

[2025-10-08 19:41:33 #168 type.registry] 
New type domain.Kotxea

[2025-10-08 19:41:33 #169 type.registry] 
New type domain.Alerta

[2025-10-08 19:41:33 #170 type.registry] 
New type domain.Erreklamazioa

[2025-10-08 19:41:33 #171 type.registry] 
New type domain.Mezua

[2025-10-08 19:41:33 #172 type.registry] 
New type domain.Erreserba

[2025-10-08 19:41:33 #173 type.registry] 
New type domain.Admin

[2025-10-08 19:41:33 #174 type.registry] 
New type domain.User

[2025-10-08 19:41:33 #175 type.registry] 
New type domain.Driver

[2025-10-08 19:41:33 #176 type.registry] 
New type domain.Bidaiaria

[2025-10-08 19:41:33 #177 type.registry] 
New type domain.Ride

[2025-10-08 19:41:33 #178 type.registry] 
New type domain.Balorazioa

[2025-10-08 19:41:33 #179 type.registry] 
New type domain.Mugimendua

[2025-10-08 19:41:33 #180 type.registry] 
New type domain.Kotxea

[2025-10-08 19:41:33 #181 type.registry] 
New type domain.Alerta

[2025-10-08 19:41:33 #182 type.registry] 
New type domain.Erreklamazioa

[2025-10-08 19:41:33 #183 type.registry] 
New type domain.Mezua

[2025-10-08 19:41:33 #184 type.registry] 
New type domain.Erreserba

[2025-10-08 19:41:33 #185 type.registry] 
New type domain.Admin

[2025-10-08 19:41:33 #186 type.registry] 
New type domain.User

[2025-10-08 19:41:33 #187 type.registry] 
New type domain.Driver

[2025-10-08 19:41:33 #188 type.registry] 
New type domain.Bidaiaria

[2025-10-08 19:41:33 #189 type.registry] 
New type domain.Ride

[2025-10-08 19:41:33 #190 type.registry] 
New type domain.Balorazioa

[2025-10-08 19:41:33 #191 type.registry] 
New type domain.Mugimendua

[2025-10-08 19:41:33 #192 type.registry] 
New type domain.Kotxea

[2025-10-08 19:41:33 #193 type.registry] 
New type domain.Alerta

[2025-10-08 19:41:33 #194 type.registry] 
New type domain.Erreklamazioa

[2025-10-08 19:41:33 #195 type.registry] 
New type domain.Mezua

[2025-10-08 19:41:33 #196 type.registry] 
New type domain.Erreserba

[2025-10-08 19:41:33 #197 type.registry] 
New type domain.Admin

[2025-10-08 19:41:33 #198 type.registry] 
New type domain.User

[2025-10-08 19:41:33 #199 type.registry] 
New type domain.Driver

[2025-10-08 19:41:33 #200 type.registry] 
New type domain.Bidaiaria

[2025-10-08 19:41:33 #201 type.registry] 
New type domain.Ride

[2025-10-08 19:41:33 #202 type.registry] 
New type domain.Balorazioa

[2025-10-08 19:41:33 #203 type.registry] 
New type domain.Mugimendua

[2025-10-08 19:41:33 #204 type.registry] 
New type domain.Kotxea

[2025-10-08 19:41:33 #205 type.registry] 
New type domain.Alerta

[2025-10-08 19:41:33 #206 type.registry] 
New type domain.Erreklamazioa

[2025-10-08 19:41:33 #207 type.registry] 
New type domain.Mezua

[2025-10-08 19:41:33 #208 type.registry] 
New type domain.Erreserba

[2025-10-08 19:41:33 #209 type.registry] 
New type domain.Admin

[2025-10-08 19:41:33 #210 type.registry] 
New type domain.User

[2025-10-08 19:41:33 #211 type.registry] 
New type domain.Driver

[2025-10-08 19:41:33 #212 type.registry] 
New type domain.Bidaiaria

[2025-10-08 19:41:33 #213 type.registry] 
New type domain.Ride

[2025-10-08 19:41:33 #214 type.registry] 
New type domain.Balorazioa

[2025-10-08 19:41:33 #215 type.registry] 
New type domain.Mugimendua

[2025-10-08 19:41:33 #216 type.registry] 
New type domain.Kotxea

[2025-10-08 19:41:33 #217 type.registry] 
New type domain.Alerta

[2025-10-08 19:41:33 #218 type.registry] 
New type domain.Erreklamazioa

[2025-10-08 19:41:33 #219 type.registry] 
New type domain.Mezua

[2025-10-08 19:41:33 #220 type.registry] 
New type domain.Erreserba

[2025-10-08 19:41:33 #221 type.registry] 
New type domain.Admin

[2025-10-08 19:41:33 #222 type.registry] 
New type domain.User

[2025-10-08 19:41:33 #223 type.registry] 
New type domain.Driver

[2025-10-08 19:41:33 #224 type.registry] 
New type domain.Bidaiaria

[2025-10-08 19:41:33 #225 type.registry] 
New type domain.Ride

[2025-10-08 19:41:33 #226 type.registry] 
New type domain.Balorazioa

[2025-10-08 19:41:33 #227 type.registry] 
New type domain.Mugimendua

[2025-10-08 19:41:33 #228 type.registry] 
New type domain.Kotxea

[2025-10-08 19:41:33 #229 type.registry] 
New type domain.Alerta

[2025-10-08 19:41:33 #230 type.registry] 
New type domain.Erreklamazioa

[2025-10-08 19:41:33 #231 type.registry] 
New type domain.Mezua

[2025-10-08 19:41:33 #232 type.registry] 
New type domain.Erreserba

[2025-10-08 19:41:33 #233 type.registry] 
New type domain.Admin

[2025-10-08 19:41:33 #234 type.registry] 
New type domain.User

[2025-10-08 19:41:33 #235 type.registry] 
New type domain.Driver

[2025-10-08 19:41:33 #236 type.registry] 
New type domain.Bidaiaria

[2025-10-08 19:41:33 #237 type.registry] 
New type domain.Ride

[2025-10-08 19:41:33 #238 type.registry] 
New type domain.Balorazioa

[2025-10-08 19:41:33 #239 type.registry] 
New type domain.Mugimendua

[2025-10-08 19:41:33 #240 type.registry] 
New type domain.Kotxea

[2025-10-08 19:41:33 #241 type.registry] 
New type domain.Alerta

[2025-10-08 19:41:33 #242 type.registry] 
New type domain.Erreklamazioa

[2025-10-08 19:41:33 #243 type.registry] 
New type domain.Mezua

[2025-10-08 19:41:33 #244 type.registry] 
New type domain.Erreserba

[2025-10-08 19:41:33 #245 type.registry] 
New type domain.Admin

[2025-10-08 19:41:33 #246 type.registry] 
New type domain.User

[2025-10-08 19:41:33 #247 type.registry] 
New type domain.Driver

[2025-10-08 19:41:33 #248 type.registry] 
New type domain.Bidaiaria

[2025-10-08 19:41:33 #249 type.registry] 
New type domain.Ride

[2025-10-08 19:41:33 #250 type.registry] 
New type domain.Balorazioa

[2025-10-08 19:41:33 #251 type.registry] 
New type domain.Mugimendua

[2025-10-08 19:41:33 #252 type.registry] 
New type domain.Kotxea

[2025-10-08 19:41:33 #253 type.registry] 
New type domain.Alerta

[2025-10-08 19:41:33 #254 type.registry] 
New type domain.Erreklamazioa

[2025-10-08 19:41:33 #255 type.registry] 
New type domain.Mezua

[2025-10-08 19:41:33 #256 type.registry] 
New type domain.Erreserba

[2025-10-08 19:41:33 #257 type.registry] 
New type domain.Admin

[2025-10-08 19:41:33 #258 type.registry] 
New type domain.User

[2025-10-08 19:41:33 #259 type.registry] 
New type domain.Driver

[2025-10-08 19:41:33 #260 type.registry] 
New type domain.Bidaiaria

[2025-10-08 19:41:33 #261 type.registry] 
New type domain.Ride

[2025-10-08 19:41:33 #262 type.registry] 
New type domain.Balorazioa

[2025-10-08 19:41:33 #263 type.registry] 
New type domain.Mugimendua

[2025-10-08 19:41:33 #264 type.registry] 
New type domain.Kotxea

[2025-10-08 19:41:33 #265 type.registry] 
New type domain.Alerta

[2025-10-08 19:41:33 #266 type.registry] 
New type domain.Erreklamazioa

[2025-10-08 19:41:33 #267 type.registry] 
New type domain.Mezua

[2025-10-08 19:41:33 #268 type.registry] 
New type domain.Erreserba

[2025-10-08 19:41:33 #269 type.registry] 
New type domain.Admin

[2025-10-08 19:41:33 #270 type.registry] 
New type domain.User

[2025-10-08 19:41:33 #271 type.registry] 
New type domain.Driver

[2025-10-08 19:41:33 #272 type.registry] 
New type domain.Bidaiaria

[2025-10-08 19:41:33 #273 type.registry] 
New type domain.Ride

[2025-10-08 19:41:33 #274 type.registry] 
New type domain.Balorazioa

[2025-10-08 19:41:33 #275 type.registry] 
New type domain.Mugimendua

[2025-10-08 19:41:33 #276 type.registry] 
New type domain.Kotxea

[2025-10-08 19:41:33 #277 type.registry] 
New type domain.Alerta

[2025-10-08 19:41:33 #278 type.registry] 
New type domain.Erreklamazioa

[2025-10-08 19:41:33 #279 type.registry] 
New type domain.Mezua

[2025-10-08 19:41:33 #280 type.registry] 
New type domain.Erreserba

[2025-10-08 19:41:33 #281 type.registry] 
New type domain.Admin

[2025-10-08 19:41:33 #282 type.registry] 
New type domain.User

[2025-10-08 19:41:33 #283 type.registry] 
New type domain.Driver

[2025-10-08 19:41:33 #284 type.registry] 
New type domain.Bidaiaria

[2025-10-08 19:41:33 #285 type.registry] 
New type domain.Ride

[2025-10-08 19:41:33 #286 type.registry] 
New type domain.Balorazioa

[2025-10-08 19:41:33 #287 type.registry] 
New type domain.Mugimendua

[2025-10-08 19:41:33 #288 type.registry] 
New type domain.Kotxea

[2025-10-08 19:41:33 #289 type.registry] 
New type domain.Alerta

[2025-10-08 19:41:33 #290 type.registry] 
New type domain.Erreklamazioa

[2025-10-08 19:41:33 #291 type.registry] 
New type domain.Mezua

[2025-10-08 19:41:33 #292 type.registry] 
New type domain.Erreserba

[2025-10-08 19:41:33 #293 type.registry] 
New type domain.Admin

[2025-10-08 19:41:33 #294 type.registry] 
New type domain.User

[2025-10-08 19:41:33 #295 type.registry] 
New type domain.Driver

[2025-10-08 19:41:33 #296 type.registry] 
New type domain.Bidaiaria

[2025-10-08 19:41:33 #297 type.registry] 
New type domain.Ride

[2025-10-08 19:41:33 #298 type.registry] 
New type domain.Balorazioa

[2025-10-08 19:41:33 #299 type.registry] 
New type domain.Mugimendua

[2025-10-08 19:41:33 #300 type.registry] 
New type domain.Kotxea

[2025-10-08 19:41:33 #301 type.registry] 
New type domain.Alerta

[2025-10-08 19:41:33 #302 type.registry] 
New type domain.Erreklamazioa

[2025-10-08 19:41:33 #303 type.registry] 
New type domain.Mezua

[2025-10-08 19:41:33 #304 type.registry] 
New type domain.Erreserba

[2025-10-08 19:41:33 #305 type.registry] 
New type domain.Admin

[2025-10-08 19:41:33 #306 type.registry] 
New type domain.User

[2025-10-08 19:41:33 #307 type.registry] 
New type domain.Driver

[2025-10-08 19:41:33 #308 type.registry] 
New type domain.Bidaiaria

[2025-10-08 19:41:33 #309 type.registry] 
New type domain.Ride

[2025-10-08 19:41:33 #310 type.registry] 
New type domain.Balorazioa

[2025-10-08 19:41:33 #311 type.registry] 
New type domain.Mugimendua

[2025-10-08 19:41:33 #312 type.registry] 
New type domain.Kotxea

[2025-10-08 19:41:33 #313 type.registry] 
New type domain.Alerta

[2025-10-08 19:41:33 #314 type.registry] 
New type domain.Erreklamazioa

[2025-10-08 19:41:33 #315 type.registry] 
New type domain.Mezua

[2025-10-08 19:41:33 #316 type.registry] 
New type domain.Erreserba

[2025-10-08 19:41:33 #317 type.registry] 
New type domain.Admin

[2025-10-08 19:41:33 #318 type.registry] 
New type domain.User

[2025-10-08 19:41:33 #319 type.registry] 
New type domain.Driver

[2025-10-08 19:41:33 #320 type.registry] 
New type domain.Bidaiaria

[2025-10-08 19:41:33 #321 type.registry] 
New type domain.Ride

[2025-10-08 19:41:33 #322 type.registry] 
New type domain.Balorazioa

[2025-10-08 19:41:33 #323 type.registry] 
New type domain.Mugimendua

[2025-10-08 19:41:33 #324 type.registry] 
New type domain.Kotxea

[2025-10-08 19:41:33 #325 type.registry] 
New type domain.Alerta

[2025-10-08 19:41:33 #326 type.registry] 
New type domain.Erreklamazioa

[2025-10-08 19:41:33 #327 type.registry] 
New type domain.Mezua

[2025-10-08 19:41:33 #328 type.registry] 
New type domain.Erreserba

[2025-10-08 19:41:33 #329 type.registry] 
New type domain.Admin

[2025-10-08 19:41:33 #330 type.registry] 
New type domain.User

[2025-10-08 19:41:33 #331 type.registry] 
New type domain.Driver

[2025-10-08 19:41:33 #332 type.registry] 
New type domain.Bidaiaria

[2025-10-08 19:41:33 #333 type.registry] 
New type domain.Ride

[2025-10-08 19:41:33 #334 type.registry] 
New type domain.Balorazioa

[2025-10-08 19:41:33 #335 type.registry] 
New type domain.Mugimendua

[2025-10-08 19:41:33 #336 type.registry] 
New type domain.Kotxea

[2025-10-08 19:41:33 #337 type.registry] 
New type domain.Alerta

[2025-10-08 19:41:33 #338 type.registry] 
New type domain.Erreklamazioa

[2025-10-08 19:41:33 #339 type.registry] 
New type domain.Mezua

[2025-10-08 19:41:33 #340 type.registry] 
New type domain.Erreserba

[2025-10-08 19:41:33 #341 type.registry] 
New type domain.Admin

[2025-10-08 19:41:33 #342 type.registry] 
New type domain.User

[2025-10-08 19:41:33 #343 type.registry] 
New type domain.Driver

[2025-10-08 19:41:33 #344 type.registry] 
New type domain.Bidaiaria

[2025-10-08 19:41:33 #345 type.registry] 
New type domain.Ride

[2025-10-08 19:41:33 #346 type.registry] 
New type domain.Balorazioa

[2025-10-08 19:41:33 #347 type.registry] 
New type domain.Mugimendua

[2025-10-08 19:41:33 #348 type.registry] 
New type domain.Kotxea

[2025-10-08 19:41:33 #349 type.registry] 
New type domain.Alerta

[2025-10-08 19:41:33 #350 type.registry] 
New type domain.Erreklamazioa

[2025-10-08 19:41:33 #351 type.registry] 
New type domain.Mezua

[2025-10-08 19:41:33 #352 type.registry] 
New type domain.Erreserba

[2025-10-08 19:41:33 #353 type.registry] 
New type domain.Admin

[2025-10-08 19:41:33 #354 type.registry] 
New type domain.User

[2025-10-08 19:41:33 #355 type.registry] 
New type domain.Driver

[2025-10-08 19:41:33 #356 type.registry] 
New type domain.Bidaiaria

[2025-10-08 19:41:33 #357 type.registry] 
New type domain.Ride

[2025-10-08 19:41:33 #358 type.registry] 
New type domain.Balorazioa

[2025-10-08 19:41:33 #359 type.registry] 
New type domain.Mugimendua

[2025-10-08 19:41:33 #360 type.registry] 
New type domain.Kotxea

[2025-10-08 19:41:33 #361 type.registry] 
New type domain.Alerta

[2025-10-08 19:41:33 #362 type.registry] 
New type domain.Erreklamazioa

[2025-10-08 19:41:33 #363 type.registry] 
New type domain.Mezua

[2025-10-08 19:41:33 #364 type.registry] 
New type domain.Erreserba

[2025-10-08 19:41:33 #365 type.registry] 
New type domain.Admin

[2025-10-08 19:41:33 #366 type.registry] 
New type domain.User

[2025-10-08 19:41:33 #367 type.registry] 
New type domain.Driver

[2025-10-08 19:41:33 #368 type.registry] 
New type domain.Bidaiaria

[2025-10-08 19:41:33 #369 type.registry] 
New type domain.Ride

[2025-10-08 19:41:33 #370 type.registry] 
New type domain.Balorazioa

[2025-10-08 19:41:33 #371 type.registry] 
New type domain.Mugimendua

[2025-10-08 19:41:33 #372 type.registry] 
New type domain.Kotxea

[2025-10-08 19:41:33 #373 type.registry] 
New type domain.Alerta

[2025-10-08 19:41:33 #374 type.registry] 
New type domain.Erreklamazioa

[2025-10-08 19:41:33 #375 type.registry] 
New type domain.Mezua

[2025-10-08 19:41:33 #376 type.registry] 
New type domain.Erreserba

[2025-10-08 19:41:33 #377 type.registry] 
New type domain.Admin

[2025-10-08 19:41:33 #378 type.registry] 
New type domain.User

[2025-10-08 19:41:33 #379 type.registry] 
New type domain.Driver

[2025-10-08 19:41:33 #380 type.registry] 
New type domain.Bidaiaria

[2025-10-08 19:41:33 #381 type.registry] 
New type domain.Ride

[2025-10-08 19:41:33 #382 type.registry] 
New type domain.Balorazioa

[2025-10-08 19:41:33 #383 type.registry] 
New type domain.Mugimendua

[2025-10-08 19:41:33 #384 type.registry] 
New type domain.Kotxea

[2025-10-08 19:41:33 #385 type.registry] 
New type domain.Alerta

[2025-10-08 19:41:33 #386 type.registry] 
New type domain.Erreklamazioa

[2025-10-08 19:41:33 #387 type.registry] 
New type domain.Mezua

[2025-10-08 19:41:33 #388 type.registry] 
New type domain.Erreserba

[2025-10-08 19:41:33 #389 type.registry] 
New type domain.Admin

[2025-10-08 19:41:33 #390 type.registry] 
New type domain.User

[2025-10-08 19:41:33 #391 type.registry] 
New type domain.Driver

[2025-10-08 19:41:33 #392 type.registry] 
New type domain.Bidaiaria

[2025-10-08 19:41:33 #393 type.registry] 
New type domain.Ride

[2025-10-08 19:41:33 #394 type.registry] 
New type domain.Balorazioa

[2025-10-08 19:41:33 #395 type.registry] 
New type domain.Mugimendua

[2025-10-08 19:41:33 #396 type.registry] 
New type domain.Kotxea

[2025-10-08 19:41:33 #397 type.registry] 
New type domain.Alerta

[2025-10-08 19:41:33 #398 type.registry] 
New type domain.Erreklamazioa

[2025-10-08 19:41:33 #399 type.registry] 
New type domain.Mezua

[2025-10-08 19:41:33 #400 type.registry] 
New type domain.Erreserba

[2025-10-08 19:41:33 #401 type.registry] 
New type domain.Admin

[2025-10-08 19:41:33 #402 type.registry] 
New type domain.User

[2025-10-08 19:41:33 #403 type.registry] 
New type domain.Driver

[2025-10-08 19:41:33 #404 type.registry] 
New type domain.Bidaiaria

[2025-10-08 19:41:33 #405 type.registry] 
New type domain.Ride

[2025-10-08 19:41:33 #406 type.registry] 
New type domain.Balorazioa

[2025-10-08 19:41:33 #407 type.registry] 
New type domain.Mugimendua

[2025-10-08 19:41:33 #408 type.registry] 
New type domain.Kotxea

[2025-10-08 19:41:33 #409 type.registry] 
New type domain.Alerta

[2025-10-08 19:41:33 #410 type.registry] 
New type domain.Erreklamazioa

[2025-10-08 19:41:33 #411 type.registry] 
New type domain.Mezua

[2025-10-08 19:41:33 #412 type.registry] 
New type domain.Erreserba

[2025-10-08 19:41:33 #413 type.registry] 
New type domain.Admin

[2025-10-08 19:41:33 #414 type.registry] 
New type domain.User

[2025-10-08 19:41:33 #415 type.registry] 
New type domain.Driver

[2025-10-08 19:41:33 #416 type.registry] 
New type domain.Bidaiaria

[2025-10-08 19:41:33 #417 type.registry] 
New type domain.Ride

[2025-10-08 19:41:33 #418 type.registry] 
New type domain.Balorazioa

[2025-10-08 19:41:33 #419 type.registry] 
New type domain.Mugimendua

[2025-10-08 19:41:33 #420 type.registry] 
New type domain.Kotxea

[2025-10-08 19:41:33 #421 type.registry] 
New type domain.Alerta

[2025-10-08 19:41:33 #422 type.registry] 
New type domain.Erreklamazioa

[2025-10-08 19:41:33 #423 type.registry] 
New type domain.Mezua

[2025-10-08 19:41:33 #424 type.registry] 
New type domain.Erreserba

[2025-10-08 19:41:33 #425 type.registry] 
New type domain.Admin

[2025-10-08 19:41:33 #426 type.registry] 
New type domain.User

[2025-10-08 19:41:33 #427 type.registry] 
New type domain.Driver

[2025-10-08 19:41:33 #428 type.registry] 
New type domain.Bidaiaria

[2025-10-08 19:41:33 #429 type.registry] 
New type domain.Ride

[2025-10-08 19:41:33 #430 type.registry] 
New type domain.Balorazioa

[2025-10-08 19:41:33 #431 type.registry] 
New type domain.Mugimendua

[2025-10-08 19:41:33 #432 type.registry] 
New type domain.Kotxea

[2025-10-08 19:41:33 #433 type.registry] 
New type domain.Alerta

[2025-10-08 19:41:33 #434 type.registry] 
New type domain.Erreklamazioa

[2025-10-08 19:41:33 #435 type.registry] 
New type domain.Mezua

[2025-10-08 19:41:33 #436 type.registry] 
New type domain.Erreserba

[2025-10-08 19:41:33 #437 type.registry] 
New type domain.Admin

[2025-10-08 19:41:33 #438 type.registry] 
New type domain.User

[2025-10-08 19:41:33 #439 type.registry] 
New type domain.Driver

[2025-10-08 19:41:33 #440 type.registry] 
New type domain.Bidaiaria

[2025-10-08 19:41:33 #441 type.registry] 
New type domain.Ride

[2025-10-08 19:41:33 #442 type.registry] 
New type domain.Balorazioa

[2025-10-08 19:41:33 #443 type.registry] 
New type domain.Mugimendua

[2025-10-08 19:41:33 #444 type.registry] 
New type domain.Kotxea

[2025-10-08 19:41:33 #445 type.registry] 
New type domain.Alerta

[2025-10-08 19:41:33 #446 type.registry] 
New type domain.Erreklamazioa

[2025-10-08 19:41:33 #447 type.registry] 
New type domain.Mezua

[2025-10-08 19:41:33 #448 type.registry] 
New type domain.Erreserba

[2025-10-08 19:41:33 #449 type.registry] 
New type domain.Admin

[2025-10-08 19:41:33 #450 type.registry] 
New type domain.User

[2025-10-08 19:41:33 #451 type.registry] 
New type domain.Driver

[2025-10-08 19:41:33 #452 type.registry] 
New type domain.Bidaiaria

[2025-10-08 19:41:33 #453 type.registry] 
New type domain.Ride

[2025-10-08 19:41:33 #454 type.registry] 
New type domain.Balorazioa

[2025-10-08 19:41:33 #455 type.registry] 
New type domain.Mugimendua

[2025-10-08 19:41:33 #456 type.registry] 
New type domain.Kotxea

[2025-10-08 19:41:33 #457 type.registry] 
New type domain.Alerta

[2025-10-08 19:41:33 #458 type.registry] 
New type domain.Erreklamazioa

[2025-10-08 19:41:33 #459 type.registry] 
New type domain.Mezua

[2025-10-08 19:41:33 #460 type.registry] 
New type domain.Erreserba

[2025-10-08 19:41:33 #461 type.registry] 
New type domain.Admin

[2025-10-08 19:41:33 #462 type.registry] 
New type domain.User

[2025-10-08 19:41:33 #463 type.registry] 
New type domain.Driver

[2025-10-08 19:41:33 #464 type.registry] 
New type domain.Bidaiaria

[2025-10-08 19:41:33 #465 type.registry] 
New type domain.Ride

[2025-10-08 19:41:33 #466 type.registry] 
New type domain.Balorazioa

[2025-10-08 19:41:33 #467 type.registry] 
New type domain.Mugimendua

[2025-10-08 19:41:33 #468 type.registry] 
New type domain.Kotxea

[2025-10-08 19:41:33 #469 type.registry] 
New type domain.Alerta

[2025-10-08 19:41:33 #470 type.registry] 
New type domain.Erreklamazioa

[2025-10-08 19:41:33 #471 type.registry] 
New type domain.Mezua

[2025-10-08 19:41:33 #472 type.registry] 
New type domain.Erreserba

[2025-10-08 19:41:33 #473 type.registry] 
New type domain.Admin

[2025-10-08 19:41:33 #474 type.registry] 
New type domain.User

[2025-10-08 19:41:33 #475 type.registry] 
New type domain.Driver

[2025-10-08 19:41:33 #476 type.registry] 
New type domain.Bidaiaria

[2025-10-08 19:41:33 #477 type.registry] 
New type domain.Ride

[2025-10-08 19:41:33 #478 type.registry] 
New type domain.Balorazioa

[2025-10-08 19:41:33 #479 type.registry] 
New type domain.Mugimendua

[2025-10-08 19:41:33 #480 type.registry] 
New type domain.Kotxea

[2025-10-08 19:41:33 #481 type.registry] 
New type domain.Alerta

[2025-10-08 19:41:33 #482 type.registry] 
New type domain.Erreklamazioa

[2025-10-08 19:41:33 #483 type.registry] 
New type domain.Mezua

[2025-10-08 19:41:33 #484 type.registry] 
New type domain.Erreserba

[2025-10-08 19:41:33 #485 type.registry] 
New type domain.Admin

[2025-10-08 19:41:33 #486 type.registry] 
New type domain.User

[2025-10-08 19:41:33 #487 type.registry] 
New type domain.Driver

[2025-10-08 19:41:33 #488 type.registry] 
New type domain.Bidaiaria

[2025-10-08 19:41:33 #489 type.registry] 
New type domain.Ride

[2025-10-08 19:41:33 #490 type.registry] 
New type domain.Balorazioa

[2025-10-08 19:41:33 #491 type.registry] 
New type domain.Mugimendua

[2025-10-08 19:41:33 #492 type.registry] 
New type domain.Kotxea

[2025-10-08 19:41:33 #493 type.registry] 
New type domain.Alerta

[2025-10-08 19:41:33 #494 type.registry] 
New type domain.Erreklamazioa

[2025-10-08 19:41:33 #495 type.registry] 
New type domain.Mezua

[2025-10-08 19:41:33 #496 type.registry] 
New type domain.Erreserba

[2025-10-08 19:41:33 #497 type.registry] 
New type domain.Admin

[2025-10-08 19:41:33 #498 type.registry] 
New type domain.User

[2025-10-08 19:41:33 #499 type.registry] 
New type domain.Driver

[2025-10-08 19:41:33 #500 type.registry] 
New type domain.Bidaiaria

[2025-10-08 19:41:33 #501 type.registry] 
New type domain.Ride

[2025-10-08 19:41:33 #502 type.registry] 
New type domain.Balorazioa

[2025-10-08 19:41:33 #503 type.registry] 
New type domain.Mugimendua

[2025-10-08 19:41:33 #504 type.registry] 
New type domain.Kotxea

[2025-10-08 19:41:33 #505 type.registry] 
New type domain.Alerta

[2025-10-08 19:41:33 #506 type.registry] 
New type domain.Erreklamazioa

[2025-10-08 19:41:33 #507 type.registry] 
New type domain.Mezua

[2025-10-08 19:41:33 #508 type.registry] 
New type domain.Erreserba

[2025-10-08 19:41:33 #509 type.registry] 
New type domain.Admin

[2025-10-08 19:41:33 #510 type.registry] 
New type domain.User

[2025-10-08 19:41:33 #511 type.registry] 
New type domain.Driver

[2025-10-08 19:41:33 #512 type.registry] 
New type domain.Bidaiaria

[2025-10-08 19:41:33 #513 type.registry] 
New type domain.Ride

[2025-10-08 19:41:34 #514 type.registry] 
New type domain.Balorazioa

[2025-10-08 19:41:34 #515 type.registry] 
New type domain.Mugimendua

[2025-10-08 19:41:34 #516 type.registry] 
New type domain.Kotxea

[2025-10-08 19:41:34 #517 type.registry] 
New type domain.Alerta

[2025-10-08 19:41:34 #518 type.registry] 
New type domain.Erreklamazioa

[2025-10-08 19:41:34 #519 type.registry] 
New type domain.Mezua

[2025-10-08 19:41:34 #520 type.registry] 
New type domain.Erreserba

[2025-10-08 19:41:34 #521 type.registry] 
New type domain.Admin

[2025-10-08 19:41:34 #522 type.registry] 
New type domain.User

[2025-10-08 19:41:34 #523 type.registry] 
New type domain.Driver

[2025-10-08 19:41:34 #524 type.registry] 
New type domain.Bidaiaria

[2025-10-08 19:41:34 #525 type.registry] 
New type domain.Ride

[2025-10-08 19:41:34 #526 type.registry] 
New type domain.Balorazioa

[2025-10-08 19:41:34 #527 type.registry] 
New type domain.Mugimendua

[2025-10-08 19:41:34 #528 type.registry] 
New type domain.Kotxea

[2025-10-08 19:41:34 #529 type.registry] 
New type domain.Alerta

[2025-10-08 19:41:34 #530 type.registry] 
New type domain.Erreklamazioa

[2025-10-08 19:41:34 #531 type.registry] 
New type domain.Mezua

[2025-10-08 19:41:34 #532 type.registry] 
New type domain.Erreserba

[2025-10-08 19:41:34 #533 type.registry] 
New type domain.Admin

[2025-10-08 19:41:34 #534 type.registry] 
New type domain.User

[2025-10-08 19:41:34 #535 type.registry] 
New type domain.Driver

[2025-10-08 19:41:34 #536 type.registry] 
New type domain.Bidaiaria

[2025-10-08 19:41:34 #537 type.registry] 
New type domain.Ride

[2025-10-08 19:41:34 #538 type.registry] 
New type domain.Balorazioa

[2025-10-08 19:41:34 #539 type.registry] 
New type domain.Mugimendua

[2025-10-08 19:41:34 #540 type.registry] 
New type domain.Kotxea

[2025-10-08 19:41:34 #541 type.registry] 
New type domain.Alerta

[2025-10-08 19:41:34 #542 type.registry] 
New type domain.Erreklamazioa

[2025-10-08 19:41:34 #543 type.registry] 
New type domain.Mezua

[2025-10-08 19:41:34 #544 type.registry] 
New type domain.Erreserba

[2025-10-08 19:41:34 #545 type.registry] 
New type domain.Admin

[2025-10-08 19:41:34 #546 type.registry] 
New type domain.User

[2025-10-08 19:41:34 #547 type.registry] 
New type domain.Driver

[2025-10-08 19:41:34 #548 type.registry] 
New type domain.Bidaiaria

[2025-10-08 19:41:34 #549 type.registry] 
New type domain.Ride

[2025-10-08 19:41:34 #550 type.registry] 
New type domain.Balorazioa

[2025-10-08 19:41:34 #551 type.registry] 
New type domain.Mugimendua

[2025-10-08 19:41:34 #552 type.registry] 
New type domain.Kotxea

[2025-10-08 19:41:34 #553 type.registry] 
New type domain.Alerta

[2025-10-08 19:41:34 #554 type.registry] 
New type domain.Erreklamazioa

[2025-10-08 19:41:34 #555 type.registry] 
New type domain.Mezua

[2025-10-08 19:41:34 #556 type.registry] 
New type domain.Erreserba

[2025-10-08 19:41:34 #557 type.registry] 
New type domain.Admin

[2025-10-08 19:41:34 #558 type.registry] 
New type domain.User

[2025-10-08 19:41:34 #559 type.registry] 
New type domain.Driver

[2025-10-08 19:41:34 #560 type.registry] 
New type domain.Bidaiaria

[2025-10-08 19:41:34 #561 type.registry] 
New type domain.Ride

[2025-10-08 19:41:34 #562 type.registry] 
New type domain.Balorazioa

[2025-10-08 19:41:34 #563 type.registry] 
New type domain.Mugimendua

[2025-10-08 19:41:34 #564 type.registry] 
New type domain.Kotxea

[2025-10-08 19:41:34 #565 type.registry] 
New type domain.Alerta

[2025-10-08 19:41:34 #566 type.registry] 
New type domain.Erreklamazioa

[2025-10-08 19:41:34 #567 type.registry] 
New type domain.Mezua

[2025-10-08 19:41:34 #568 type.registry] 
New type domain.Erreserba

[2025-10-08 19:41:34 #569 type.registry] 
New type domain.Admin

[2025-10-08 19:41:34 #570 type.registry] 
New type domain.User

[2025-10-08 19:41:34 #571 type.registry] 
New type domain.Driver

[2025-10-08 19:41:34 #572 type.registry] 
New type domain.Bidaiaria

[2025-10-08 19:41:34 #573 type.registry] 
New type domain.Ride

[2025-10-08 19:41:34 #574 type.registry] 
New type domain.Balorazioa

[2025-10-08 19:41:34 #575 type.registry] 
New type domain.Mugimendua

[2025-10-08 19:41:34 #576 type.registry] 
New type domain.Kotxea

[2025-10-08 19:41:34 #577 type.registry] 
New type domain.Alerta

[2025-10-08 19:41:34 #578 type.registry] 
New type domain.Erreklamazioa

[2025-10-08 19:41:34 #579 type.registry] 
New type domain.Mezua

[2025-10-08 19:41:34 #580 type.registry] 
New type domain.Erreserba

[2025-10-08 19:41:34 #581 type.registry] 
New type domain.Admin

[2025-10-08 19:41:34 #582 type.registry] 
New type domain.User

[2025-10-08 19:41:34 #583 type.registry] 
New type domain.Driver

[2025-10-08 19:41:34 #584 type.registry] 
New type domain.Bidaiaria

[2025-10-08 19:41:34 #585 type.registry] 
New type domain.Ride

[2025-10-08 19:41:34 #586 type.registry] 
New type domain.Balorazioa

[2025-10-08 19:41:34 #587 type.registry] 
New type domain.Mugimendua

[2025-10-08 19:41:34 #588 type.registry] 
New type domain.Kotxea

[2025-10-08 19:41:34 #589 type.registry] 
New type domain.Alerta

[2025-10-08 19:41:34 #590 type.registry] 
New type domain.Erreklamazioa

[2025-10-08 19:41:34 #591 type.registry] 
New type domain.Mezua

[2025-10-08 19:41:34 #592 type.registry] 
New type domain.Erreserba

[2025-10-08 19:41:34 #593 type.registry] 
New type domain.Admin

[2025-10-08 19:41:34 #594 type.registry] 
New type domain.User

[2025-10-08 19:41:34 #595 type.registry] 
New type domain.Driver

[2025-10-08 19:41:34 #596 type.registry] 
New type domain.Bidaiaria

[2025-10-08 19:41:34 #597 type.registry] 
New type domain.Ride

[2025-10-08 19:41:34 #598 type.registry] 
New type domain.Balorazioa

[2025-10-08 19:41:34 #599 type.registry] 
New type domain.Mugimendua

[2025-10-08 19:41:34 #600 type.registry] 
New type domain.Kotxea

[2025-10-08 19:41:34 #601 type.registry] 
New type domain.Alerta

[2025-10-08 19:41:34 #602 type.registry] 
New type domain.Erreklamazioa

[2025-10-08 19:41:34 #603 type.registry] 
New type domain.Mezua

[2025-10-08 19:41:34 #604 type.registry] 
New type domain.Erreserba

[2025-10-08 19:41:34 #605 type.registry] 
New type domain.Admin

[2025-10-08 19:41:34 #606 type.registry] 
New type domain.User

[2025-10-08 19:41:34 #607 type.registry] 
New type domain.Driver

[2025-10-08 19:41:34 #608 type.registry] 
New type domain.Bidaiaria

[2025-10-08 19:41:34 #609 type.registry] 
New type domain.Ride

[2025-10-08 19:41:34 #610 type.registry] 
New type domain.Balorazioa

[2025-10-08 19:41:34 #611 type.registry] 
New type domain.Mugimendua

[2025-10-08 19:41:34 #612 type.registry] 
New type domain.Kotxea

[2025-10-08 19:41:34 #613 type.registry] 
New type domain.Alerta

[2025-10-08 19:41:34 #614 type.registry] 
New type domain.Erreklamazioa

[2025-10-08 19:41:34 #615 type.registry] 
New type domain.Mezua

[2025-10-08 19:41:34 #616 type.registry] 
New type domain.Erreserba

[2025-10-08 19:41:34 #617 type.registry] 
New type domain.Admin

[2025-10-08 19:41:34 #618 type.registry] 
New type domain.User

[2025-10-08 19:41:34 #619 type.registry] 
New type domain.Driver

[2025-10-08 19:41:34 #620 type.registry] 
New type domain.Bidaiaria

[2025-10-08 19:41:34 #621 type.registry] 
New type domain.Ride

[2025-10-08 19:41:34 #622 type.registry] 
New type domain.Balorazioa

[2025-10-08 19:41:34 #623 type.registry] 
New type domain.Mugimendua

[2025-10-08 19:41:34 #624 type.registry] 
New type domain.Kotxea

[2025-10-08 19:41:34 #625 type.registry] 
New type domain.Alerta

[2025-10-08 19:41:34 #626 type.registry] 
New type domain.Erreklamazioa

[2025-10-08 19:41:34 #627 type.registry] 
New type domain.Mezua

[2025-10-08 19:41:34 #628 type.registry] 
New type domain.Erreserba

[2025-10-08 19:41:34 #629 type.registry] 
New type domain.Admin

[2025-10-08 19:41:34 #630 type.registry] 
New type domain.User

[2025-10-08 19:41:34 #631 type.registry] 
New type domain.Driver

[2025-10-08 19:41:34 #632 type.registry] 
New type domain.Bidaiaria

[2025-10-08 19:41:34 #633 type.registry] 
New type domain.Ride

[2025-10-08 19:41:34 #634 type.registry] 
New type domain.Balorazioa

[2025-10-08 19:41:34 #635 type.registry] 
New type domain.Mugimendua

[2025-10-08 19:41:34 #636 type.registry] 
New type domain.Kotxea

[2025-10-08 19:41:34 #637 type.registry] 
New type domain.Alerta

[2025-10-08 19:41:34 #638 type.registry] 
New type domain.Erreklamazioa

[2025-10-08 19:41:34 #639 type.registry] 
New type domain.Mezua

[2025-10-08 19:41:34 #640 type.registry] 
New type domain.Erreserba

[2025-10-08 19:41:34 #641 type.registry] 
New type domain.Admin

[2025-10-08 19:41:34 #642 type.registry] 
New type domain.User

[2025-10-08 19:41:34 #643 type.registry] 
New type domain.Driver

[2025-10-08 19:41:34 #644 type.registry] 
New type domain.Bidaiaria

[2025-10-08 19:41:34 #645 type.registry] 
New type domain.Ride

[2025-10-08 19:41:34 #646 type.registry] 
New type domain.Balorazioa

[2025-10-08 19:41:34 #647 type.registry] 
New type domain.Mugimendua

[2025-10-08 19:41:34 #648 type.registry] 
New type domain.Kotxea

[2025-10-08 19:41:34 #649 type.registry] 
New type domain.Alerta

[2025-10-08 19:41:34 #650 type.registry] 
New type domain.Erreklamazioa

[2025-10-08 19:41:34 #651 type.registry] 
New type domain.Mezua

[2025-10-08 19:41:34 #652 type.registry] 
New type domain.Erreserba

[2025-10-08 19:41:34 #653 type.registry] 
New type domain.Admin

[2025-10-08 19:41:34 #654 type.registry] 
New type domain.User

[2025-10-08 19:41:34 #655 type.registry] 
New type domain.Driver

[2025-10-08 19:41:34 #656 type.registry] 
New type domain.Bidaiaria

[2025-10-08 19:41:34 #657 type.registry] 
New type domain.Ride

[2025-10-08 19:41:34 #658 type.registry] 
New type domain.Balorazioa

[2025-10-08 19:41:34 #659 type.registry] 
New type domain.Mugimendua

[2025-10-08 19:41:34 #660 type.registry] 
New type domain.Kotxea

[2025-10-08 19:41:34 #661 type.registry] 
New type domain.Alerta

[2025-10-08 19:41:34 #662 type.registry] 
New type domain.Erreklamazioa

[2025-10-08 19:41:34 #663 type.registry] 
New type domain.Mezua

[2025-10-08 19:41:34 #664 type.registry] 
New type domain.Erreserba

[2025-10-08 19:41:34 #665 type.registry] 
New type domain.Admin

[2025-10-08 19:41:34 #666 type.registry] 
New type domain.User

[2025-10-08 19:41:34 #667 type.registry] 
New type domain.Driver

[2025-10-08 19:41:34 #668 type.registry] 
New type domain.Bidaiaria

[2025-10-08 19:41:34 #669 type.registry] 
New type domain.Ride

[2025-10-08 19:41:34 #670 type.registry] 
New type domain.Balorazioa

[2025-10-08 19:41:34 #671 type.registry] 
New type domain.Mugimendua

[2025-10-08 19:41:34 #672 type.registry] 
New type domain.Kotxea

[2025-10-08 19:41:34 #673 type.registry] 
New type domain.Alerta

[2025-10-08 19:41:34 #674 type.registry] 
New type domain.Erreklamazioa

[2025-10-08 19:41:34 #675 type.registry] 
New type domain.Mezua

[2025-10-08 19:41:34 #676 type.registry] 
New type domain.Erreserba

[2025-10-08 19:41:34 #677 type.registry] 
New type domain.Admin

[2025-10-08 19:41:34 #678 type.registry] 
New type domain.User

[2025-10-08 19:41:34 #679 type.registry] 
New type domain.Driver

[2025-10-08 19:41:34 #680 type.registry] 
New type domain.Bidaiaria

[2025-10-08 19:41:34 #681 type.registry] 
New type domain.Ride

[2025-10-08 19:41:34 #682 type.registry] 
New type domain.Balorazioa

[2025-10-08 19:41:34 #683 type.registry] 
New type domain.Mugimendua

[2025-10-08 19:41:34 #684 type.registry] 
New type domain.Kotxea

[2025-10-08 19:41:34 #685 type.registry] 
New type domain.Alerta

[2025-10-08 19:41:34 #686 type.registry] 
New type domain.Erreklamazioa

[2025-10-08 19:41:34 #687 type.registry] 
New type domain.Mezua

[2025-10-08 19:41:34 #688 type.registry] 
New type domain.Erreserba

[2025-10-08 19:41:34 #689 type.registry] 
New type domain.Admin

[2025-10-08 19:41:34 #690 type.registry] 
New type domain.User

[2025-10-08 19:41:34 #691 type.registry] 
New type domain.Driver

[2025-10-08 19:41:34 #692 type.registry] 
New type domain.Bidaiaria

[2025-10-08 19:41:34 #693 type.registry] 
New type domain.Ride

[2025-10-08 19:41:34 #694 type.registry] 
New type domain.Balorazioa

[2025-10-08 19:41:34 #695 type.registry] 
New type domain.Mugimendua

[2025-10-08 19:41:34 #696 type.registry] 
New type domain.Kotxea

[2025-10-08 19:41:34 #697 type.registry] 
New type domain.Alerta

[2025-10-08 19:41:34 #698 type.registry] 
New type domain.Erreklamazioa

[2025-10-08 19:41:34 #699 type.registry] 
New type domain.Mezua

[2025-10-08 19:41:34 #700 type.registry] 
New type domain.Erreserba

[2025-10-08 19:41:34 #701 type.registry] 
New type domain.Admin

[2025-10-08 19:41:34 #702 type.registry] 
New type domain.User

[2025-10-08 19:41:34 #703 type.registry] 
New type domain.Driver

[2025-10-08 19:41:34 #704 type.registry] 
New type domain.Bidaiaria

[2025-10-08 19:41:34 #705 type.registry] 
New type domain.Ride

[2025-10-08 19:41:34 #706 type.registry] 
New type domain.Balorazioa

[2025-10-08 19:41:34 #707 type.registry] 
New type domain.Mugimendua

[2025-10-08 19:41:34 #708 type.registry] 
New type domain.Kotxea

[2025-10-08 19:41:34 #709 type.registry] 
New type domain.Alerta

[2025-10-08 19:41:34 #710 type.registry] 
New type domain.Erreklamazioa

[2025-10-08 19:41:34 #711 type.registry] 
New type domain.Mezua

[2025-10-08 19:41:34 #712 type.registry] 
New type domain.Erreserba

[2025-10-08 19:41:34 #713 type.registry] 
New type domain.Admin

[2025-10-08 19:41:34 #714 type.registry] 
New type domain.User

[2025-10-08 19:41:34 #715 type.registry] 
New type domain.Driver

[2025-10-08 19:41:34 #716 type.registry] 
New type domain.Bidaiaria

[2025-10-08 19:41:34 #717 type.registry] 
New type domain.Ride

[2025-10-08 19:41:34 #718 type.registry] 
New type domain.Balorazioa

[2025-10-08 19:41:34 #719 type.registry] 
New type domain.Mugimendua

[2025-10-08 19:41:34 #720 type.registry] 
New type domain.Kotxea

[2025-10-08 19:41:34 #721 type.registry] 
New type domain.Alerta

[2025-10-08 19:41:34 #722 type.registry] 
New type domain.Erreklamazioa

[2025-10-08 19:41:34 #723 type.registry] 
New type domain.Mezua

[2025-10-08 19:41:34 #724 type.registry] 
New type domain.Erreserba

[2025-10-08 19:41:34 #725 type.registry] 
New type domain.Admin

[2025-10-08 19:41:34 #726 type.registry] 
New type domain.User

[2025-10-08 19:41:34 #727 type.registry] 
New type domain.Driver

[2025-10-08 19:41:34 #728 type.registry] 
New type domain.Bidaiaria

[2025-10-08 19:41:34 #729 type.registry] 
New type domain.Ride

[2025-10-08 19:41:34 #730 type.registry] 
New type domain.Balorazioa

[2025-10-08 19:41:34 #731 type.registry] 
New type domain.Mugimendua

[2025-10-08 19:41:34 #732 type.registry] 
New type domain.Kotxea

[2025-10-08 19:41:34 #733 type.registry] 
New type domain.Alerta

[2025-10-08 19:41:34 #734 type.registry] 
New type domain.Erreklamazioa

[2025-10-08 19:41:34 #735 type.registry] 
New type domain.Mezua

[2025-10-08 19:41:34 #736 type.registry] 
New type domain.Erreserba

[2025-10-08 19:41:34 #737 type.registry] 
New type domain.Admin

[2025-10-08 19:41:34 #738 type.registry] 
New type domain.User

[2025-10-08 19:41:34 #739 type.registry] 
New type domain.Driver

[2025-10-08 19:41:34 #740 type.registry] 
New type domain.Bidaiaria

[2025-10-08 19:41:34 #741 type.registry] 
New type domain.Ride

[2025-10-08 19:41:34 #742 type.registry] 
New type domain.Balorazioa

[2025-10-08 19:41:34 #743 type.registry] 
New type domain.Mugimendua

[2025-10-08 19:41:34 #744 type.registry] 
New type domain.Kotxea

[2025-10-08 19:41:34 #745 type.registry] 
New type domain.Alerta

[2025-10-08 19:41:34 #746 type.registry] 
New type domain.Erreklamazioa

[2025-10-08 19:41:34 #747 type.registry] 
New type domain.Mezua

[2025-10-08 19:41:34 #748 type.registry] 
New type domain.Erreserba

[2025-10-08 19:41:34 #749 type.registry] 
New type domain.Admin

[2025-10-08 19:41:34 #750 type.registry] 
New type domain.User

[2025-10-08 19:41:34 #751 type.registry] 
New type domain.Driver

[2025-10-08 19:41:34 #752 type.registry] 
New type domain.Bidaiaria

[2025-10-08 19:41:34 #753 type.registry] 
New type domain.Ride

[2025-10-08 19:41:34 #754 type.registry] 
New type domain.Balorazioa

[2025-10-08 19:41:34 #755 type.registry] 
New type domain.Mugimendua

[2025-10-08 19:41:34 #756 type.registry] 
New type domain.Kotxea

[2025-10-08 19:41:34 #757 type.registry] 
New type domain.Alerta

[2025-10-08 19:41:34 #758 type.registry] 
New type domain.Erreklamazioa

[2025-10-08 19:41:34 #759 type.registry] 
New type domain.Mezua

[2025-10-08 19:41:34 #760 type.registry] 
New type domain.Erreserba

[2025-10-08 19:41:34 #761 type.registry] 
New type domain.Admin

[2025-10-08 19:41:34 #762 type.registry] 
New type domain.User

[2025-10-08 19:41:34 #763 type.registry] 
New type domain.Driver

[2025-10-08 19:41:34 #764 type.registry] 
New type domain.Bidaiaria

[2025-10-08 19:41:34 #765 type.registry] 
New type domain.Ride

[2025-10-08 19:41:34 #766 type.registry] 
New type domain.Balorazioa

[2025-10-08 19:41:34 #767 type.registry] 
New type domain.Mugimendua

[2025-10-08 19:41:34 #768 type.registry] 
New type domain.Kotxea

[2025-10-08 19:41:34 #769 type.registry] 
New type domain.Alerta

[2025-10-08 19:41:34 #770 type.registry] 
New type domain.Erreklamazioa

[2025-10-08 19:41:34 #771 type.registry] 
New type domain.Mezua

[2025-10-08 19:41:34 #772 type.registry] 
New type domain.Erreserba

[2025-10-08 19:41:34 #773 type.registry] 
New type domain.Admin

[2025-10-08 19:41:34 #774 type.registry] 
New type domain.User

[2025-10-08 19:41:34 #775 type.registry] 
New type domain.Driver

[2025-10-08 19:41:34 #776 type.registry] 
New type domain.Bidaiaria

[2025-10-08 19:41:34 #777 type.registry] 
New type domain.Ride

[2025-10-08 19:41:34 #778 type.registry] 
New type domain.Balorazioa

[2025-10-08 19:41:34 #779 type.registry] 
New type domain.Mugimendua

[2025-10-08 19:41:34 #780 type.registry] 
New type domain.Kotxea

[2025-10-08 19:41:34 #781 type.registry] 
New type domain.Alerta

[2025-10-08 19:41:34 #782 type.registry] 
New type domain.Erreklamazioa

[2025-10-08 19:41:34 #783 type.registry] 
New type domain.Mezua

[2025-10-08 19:41:34 #784 type.registry] 
New type domain.Erreserba

[2025-10-08 19:41:34 #785 type.registry] 
New type domain.Admin

[2025-10-08 19:41:34 #786 type.registry] 
New type domain.User

[2025-10-08 19:41:34 #787 type.registry] 
New type domain.Driver

[2025-10-08 19:41:34 #788 type.registry] 
New type domain.Bidaiaria

[2025-10-08 19:41:34 #789 type.registry] 
New type domain.Ride

[2025-10-08 19:41:34 #790 type.registry] 
New type domain.Balorazioa

[2025-10-08 19:41:34 #791 type.registry] 
New type domain.Mugimendua

[2025-10-08 19:41:34 #792 type.registry] 
New type domain.Kotxea

[2025-10-08 19:41:34 #793 type.registry] 
New type domain.Alerta

[2025-10-08 19:41:34 #794 type.registry] 
New type domain.Erreklamazioa

[2025-10-08 19:41:34 #795 type.registry] 
New type domain.Mezua

[2025-10-08 19:41:34 #796 type.registry] 
New type domain.Erreserba

[2025-10-08 19:41:34 #797 type.registry] 
New type domain.Admin

[2025-10-08 19:41:34 #798 type.registry] 
New type domain.User

[2025-10-08 19:41:34 #799 type.registry] 
New type domain.Driver

[2025-10-08 19:41:34 #800 type.registry] 
New type domain.Bidaiaria

[2025-10-08 19:41:34 #801 type.registry] 
New type domain.Ride

[2025-10-08 19:41:34 #802 type.registry] 
New type domain.Balorazioa

[2025-10-08 19:41:34 #803 type.registry] 
New type domain.Mugimendua

[2025-10-08 19:41:34 #804 type.registry] 
New type domain.Kotxea

[2025-10-08 19:41:34 #805 type.registry] 
New type domain.Alerta

[2025-10-08 19:41:34 #806 type.registry] 
New type domain.Erreklamazioa

[2025-10-08 19:41:34 #807 type.registry] 
New type domain.Mezua

[2025-10-08 19:41:34 #808 type.registry] 
New type domain.Erreserba

[2025-10-08 19:41:34 #809 type.registry] 
New type domain.Admin

[2025-10-08 19:41:34 #810 type.registry] 
New type domain.User

[2025-10-08 19:41:34 #811 type.registry] 
New type domain.Driver

[2025-10-08 19:41:34 #812 type.registry] 
New type domain.Bidaiaria

[2025-10-08 19:41:34 #813 type.registry] 
New type domain.Ride

[2025-10-08 19:41:34 #814 type.registry] 
New type domain.Balorazioa

[2025-10-08 19:41:34 #815 type.registry] 
New type domain.Mugimendua

[2025-10-08 19:41:34 #816 type.registry] 
New type domain.Kotxea

[2025-10-08 19:41:34 #817 type.registry] 
New type domain.Alerta

[2025-10-08 19:41:34 #818 type.registry] 
New type domain.Erreklamazioa

[2025-10-08 19:41:34 #819 type.registry] 
New type domain.Mezua

[2025-10-08 19:41:34 #820 type.registry] 
New type domain.Erreserba

[2025-10-08 19:41:34 #821 type.registry] 
New type domain.Admin

[2025-10-08 19:41:34 #822 type.registry] 
New type domain.User

[2025-10-08 19:41:34 #823 type.registry] 
New type domain.Driver

[2025-10-08 19:41:34 #824 type.registry] 
New type domain.Bidaiaria

[2025-10-08 19:41:34 #825 type.registry] 
New type domain.Ride

[2025-10-08 19:41:34 #826 type.registry] 
New type domain.Balorazioa

[2025-10-08 19:41:34 #827 type.registry] 
New type domain.Mugimendua

[2025-10-08 19:41:34 #828 type.registry] 
New type domain.Kotxea

[2025-10-08 19:41:34 #829 type.registry] 
New type domain.Alerta

[2025-10-08 19:41:34 #830 type.registry] 
New type domain.Erreklamazioa

[2025-10-08 19:41:34 #831 type.registry] 
New type domain.Mezua

[2025-10-08 19:41:34 #832 type.registry] 
New type domain.Erreserba

[2025-10-08 19:41:34 #833 type.registry] 
New type domain.Admin

[2025-10-08 19:41:34 #834 type.registry] 
New type domain.User

[2025-10-08 19:41:34 #835 type.registry] 
New type domain.Driver

[2025-10-08 19:41:34 #836 type.registry] 
New type domain.Bidaiaria

[2025-10-08 19:41:34 #837 type.registry] 
New type domain.Ride

[2025-10-08 19:41:34 #838 type.registry] 
New type domain.Balorazioa

[2025-10-08 19:41:34 #839 type.registry] 
New type domain.Mugimendua

[2025-10-08 19:41:34 #840 type.registry] 
New type domain.Kotxea

[2025-10-08 19:41:34 #841 type.registry] 
New type domain.Alerta

[2025-10-08 19:41:34 #842 type.registry] 
New type domain.Erreklamazioa

[2025-10-08 19:41:34 #843 type.registry] 
New type domain.Mezua

[2025-10-08 19:41:34 #844 type.registry] 
New type domain.Erreserba

[2025-10-08 19:41:34 #845 type.registry] 
New type domain.Admin

[2025-10-08 19:41:34 #846 type.registry] 
New type domain.User

[2025-10-08 19:41:34 #847 type.registry] 
New type domain.Driver

[2025-10-08 19:41:34 #848 type.registry] 
New type domain.Bidaiaria

[2025-10-08 19:41:34 #849 type.registry] 
New type domain.Ride

[2025-10-08 19:41:34 #850 type.registry] 
New type domain.Balorazioa

[2025-10-08 19:41:34 #851 type.registry] 
New type domain.Mugimendua

[2025-10-08 19:41:34 #852 type.registry] 
New type domain.Kotxea

[2025-10-08 19:41:34 #853 type.registry] 
New type domain.Alerta

[2025-10-08 19:41:34 #854 type.registry] 
New type domain.Erreklamazioa

[2025-10-08 19:41:34 #855 type.registry] 
New type domain.Mezua

[2025-10-08 19:41:34 #856 type.registry] 
New type domain.Erreserba

[2025-10-08 19:41:34 #857 type.registry] 
New type domain.Admin

[2025-10-08 19:41:34 #858 type.registry] 
New type domain.User

[2025-10-08 19:41:34 #859 type.registry] 
New type domain.Driver

[2025-10-08 19:41:34 #860 type.registry] 
New type domain.Bidaiaria

[2025-10-08 19:41:34 #861 type.registry] 
New type domain.Ride

[2025-10-08 19:41:34 #862 type.registry] 
New type domain.Balorazioa

[2025-10-08 19:41:34 #863 type.registry] 
New type domain.Mugimendua

[2025-10-08 19:41:34 #864 type.registry] 
New type domain.Kotxea

[2025-10-08 19:41:34 #865 type.registry] 
New type domain.Alerta

[2025-10-08 19:41:34 #866 type.registry] 
New type domain.Erreklamazioa

[2025-10-08 19:41:34 #867 type.registry] 
New type domain.Mezua

[2025-10-08 19:41:34 #868 type.registry] 
New type domain.Erreserba

[2025-10-08 19:41:34 #869 type.registry] 
New type domain.Admin

[2025-10-08 19:41:34 #870 type.registry] 
New type domain.User

[2025-10-08 19:41:34 #871 type.registry] 
New type domain.Driver

[2025-10-08 19:41:34 #872 type.registry] 
New type domain.Bidaiaria

[2025-10-08 19:41:34 #873 type.registry] 
New type domain.Ride

[2025-10-08 19:41:34 #874 type.registry] 
New type domain.Balorazioa

[2025-10-08 19:41:34 #875 type.registry] 
New type domain.Mugimendua

[2025-10-08 19:41:34 #876 type.registry] 
New type domain.Kotxea

[2025-10-08 19:41:34 #877 type.registry] 
New type domain.Alerta

[2025-10-08 19:41:34 #878 type.registry] 
New type domain.User

[2025-10-08 19:41:34 #879 type.registry] 
New type domain.Driver

[2025-10-08 19:41:34 #880 type.registry] 
New type domain.Balorazioa

[2025-10-08 19:41:34 #881 type.registry] 
New type domain.Mugimendua

[2025-10-08 19:41:34 #882 type.registry] 
New type domain.Erreklamazioa

[2025-10-08 19:41:34 #883 type.registry] 
New type domain.Kotxea

[2025-10-08 19:41:34 #884 type.registry] 
New type domain.Ride

[2025-10-08 19:41:34 #885 type.registry] 
New type domain.Mezua

[2025-10-08 19:41:34 #886 type.registry] 
New type domain.Erreserba

[2025-10-08 19:41:34 #887 type.registry] 
New type domain.Admin

[2025-10-08 19:41:34 #888 type.registry] 
New type domain.Bidaiaria

[2025-10-08 19:41:34 #889 type.registry] 
New type domain.Alerta

[2025-10-08 19:41:34 #890 type.registry] 
New type domain.Erreklamazioa

[2025-10-08 19:41:34 #891 type.registry] 
New type domain.Mezua

[2025-10-08 19:41:34 #892 type.registry] 
New type domain.Erreserba

[2025-10-08 19:41:34 #893 type.registry] 
New type domain.Admin

[2025-10-08 19:41:34 #894 type.registry] 
New type domain.User

[2025-10-08 19:41:34 #895 type.registry] 
New type domain.Driver

[2025-10-08 19:41:34 #896 type.registry] 
New type domain.Bidaiaria

[2025-10-08 19:41:34 #897 type.registry] 
New type domain.Ride

[2025-10-08 19:41:34 #898 type.registry] 
New type domain.Balorazioa

[2025-10-08 19:41:34 #899 type.registry] 
New type domain.Mugimendua

[2025-10-08 19:41:34 #900 type.registry] 
New type domain.Kotxea

[2025-10-08 19:41:34 #901 type.registry] 
New type domain.Alerta

[2025-10-08 19:41:34 #902 type.registry] 
New type domain.Erreklamazioa

[2025-10-08 19:41:34 #903 type.registry] 
New type domain.Mezua

[2025-10-08 19:41:34 #904 type.registry] 
New type domain.Erreserba

[2025-10-08 19:41:34 #905 type.registry] 
New type domain.Admin

[2025-10-08 19:41:34 #906 type.registry] 
New type domain.User

[2025-10-08 19:41:34 #907 type.registry] 
New type domain.Driver

[2025-10-08 19:41:34 #908 type.registry] 
New type domain.Bidaiaria

[2025-10-08 19:41:34 #909 type.registry] 
New type domain.Ride

[2025-10-08 19:41:34 #910 type.registry] 
New type domain.Balorazioa

[2025-10-08 19:41:34 #911 type.registry] 
New type domain.Mugimendua

[2025-10-08 19:41:34 #912 type.registry] 
New type domain.Kotxea

[2025-10-08 19:41:34 #913 type.registry] 
New type domain.Alerta

[2025-10-08 19:41:34 #914 type.registry] 
New type domain.Erreklamazioa

[2025-10-08 19:41:34 #915 type.registry] 
New type domain.Mezua

[2025-10-08 19:41:34 #916 type.registry] 
New type domain.Erreserba

[2025-10-08 19:41:34 #917 type.registry] 
New type domain.Admin

[2025-10-08 19:41:34 #918 type.registry] 
New type domain.User

[2025-10-08 19:41:34 #919 type.registry] 
New type domain.Driver

[2025-10-08 19:41:34 #920 type.registry] 
New type domain.Bidaiaria

[2025-10-08 19:41:34 #921 type.registry] 
New type domain.Ride

[2025-10-08 19:41:34 #922 type.registry] 
New type domain.Balorazioa

[2025-10-08 19:41:34 #923 type.registry] 
New type domain.Mugimendua

[2025-10-08 19:41:34 #924 type.registry] 
New type domain.Kotxea

[2025-10-08 19:41:34 #925 type.registry] 
New type domain.Alerta

[2025-10-08 19:41:34 #926 type.registry] 
New type domain.Erreklamazioa

[2025-10-08 19:41:34 #927 type.registry] 
New type domain.Mezua

[2025-10-08 19:41:34 #928 type.registry] 
New type domain.Erreserba

[2025-10-08 19:41:34 #929 type.registry] 
New type domain.Admin

[2025-10-08 19:41:34 #930 type.registry] 
New type domain.User

[2025-10-08 19:41:34 #931 type.registry] 
New type domain.Driver

[2025-10-08 19:41:34 #932 type.registry] 
New type domain.Bidaiaria

[2025-10-08 19:41:34 #933 type.registry] 
New type domain.Ride

[2025-10-08 19:41:34 #934 type.registry] 
New type domain.Balorazioa

[2025-10-08 19:41:34 #935 type.registry] 
New type domain.Mugimendua

[2025-10-08 19:41:34 #936 type.registry] 
New type domain.Kotxea

[2025-10-08 19:41:34 #937 type.registry] 
New type domain.Alerta

[2025-10-08 19:41:34 #938 type.registry] 
New type domain.Erreklamazioa

[2025-10-08 19:41:34 #939 type.registry] 
New type domain.Mezua

[2025-10-08 19:41:34 #940 type.registry] 
New type domain.Erreserba

[2025-10-08 19:41:34 #941 type.registry] 
New type domain.Admin

[2025-10-08 19:41:34 #942 type.registry] 
New type domain.User

[2025-10-08 19:41:34 #943 type.registry] 
New type domain.Driver

[2025-10-08 19:41:34 #944 type.registry] 
New type domain.Bidaiaria

[2025-10-08 19:41:34 #945 type.registry] 
New type domain.Ride

[2025-10-08 19:41:34 #946 type.registry] 
New type domain.Balorazioa

[2025-10-08 19:41:34 #947 type.registry] 
New type domain.Mugimendua

[2025-10-08 19:41:34 #948 type.registry] 
New type domain.Kotxea

[2025-10-08 19:41:34 #949 type.registry] 
New type domain.Alerta

[2025-10-08 19:41:34 #950 type.registry] 
New type domain.Erreklamazioa

[2025-10-08 19:41:34 #951 type.registry] 
New type domain.Mezua

[2025-10-08 19:41:34 #952 type.registry] 
New type domain.Erreserba

[2025-10-08 19:41:34 #953 type.registry] 
New type domain.Admin

[2025-10-08 19:41:34 #954 type.registry] 
New type domain.User

[2025-10-08 19:41:34 #955 type.registry] 
New type domain.Driver

[2025-10-08 19:41:34 #956 type.registry] 
New type domain.Bidaiaria

[2025-10-08 19:41:34 #957 type.registry] 
New type domain.Ride

[2025-10-08 19:41:34 #958 type.registry] 
New type domain.Balorazioa

[2025-10-08 19:41:34 #959 type.registry] 
New type domain.Mugimendua

[2025-10-08 19:41:34 #960 type.registry] 
New type domain.Kotxea

[2025-10-08 19:41:34 #961 type.registry] 
New type domain.Alerta

[2025-10-08 19:41:34 #962 type.registry] 
New type domain.Erreklamazioa

[2025-10-08 19:41:34 #963 type.registry] 
New type domain.Mezua

[2025-10-08 19:41:34 #964 type.registry] 
New type domain.Erreserba

[2025-10-08 19:41:34 #965 type.registry] 
New type domain.Admin

[2025-10-08 19:41:34 #966 type.registry] 
New type domain.User

[2025-10-08 19:41:34 #967 type.registry] 
New type domain.Driver

[2025-10-08 19:41:34 #968 type.registry] 
New type domain.Bidaiaria

[2025-10-08 19:41:34 #969 type.registry] 
New type domain.Ride

[2025-10-08 19:41:34 #970 type.registry] 
New type domain.Balorazioa

[2025-10-08 19:41:34 #971 type.registry] 
New type domain.Mugimendua

[2025-10-08 19:41:34 #972 type.registry] 
New type domain.Kotxea

[2025-10-08 19:41:34 #973 type.registry] 
New type domain.Alerta

[2025-10-08 19:41:34 #974 type.registry] 
New type domain.Erreklamazioa

[2025-10-08 19:41:34 #975 type.registry] 
New type domain.Mezua

[2025-10-08 19:41:34 #976 type.registry] 
New type domain.Erreserba

[2025-10-08 19:41:34 #977 type.registry] 
New type domain.Admin

[2025-10-08 19:41:34 #978 type.registry] 
New type domain.User

[2025-10-08 19:41:34 #979 type.registry] 
New type domain.Driver

[2025-10-08 19:41:34 #980 type.registry] 
New type domain.Bidaiaria

[2025-10-08 19:41:34 #981 type.registry] 
New type domain.Ride

[2025-10-08 19:41:34 #982 type.registry] 
New type domain.Balorazioa

[2025-10-08 19:41:34 #983 type.registry] 
New type domain.Mugimendua

[2025-10-08 19:41:34 #984 type.registry] 
New type domain.Kotxea

[2025-10-08 19:41:34 #985 type.registry] 
New type domain.Alerta

[2025-10-08 19:41:34 #986 type.registry] 
New type domain.Erreklamazioa

[2025-10-08 19:41:34 #987 type.registry] 
New type domain.Mezua

[2025-10-08 19:41:34 #988 type.registry] 
New type domain.Erreserba

[2025-10-08 19:41:34 #989 type.registry] 
New type domain.Admin

[2025-10-08 19:41:34 #990 type.registry] 
New type domain.User

[2025-10-08 19:41:34 #991 type.registry] 
New type domain.Driver

[2025-10-08 19:41:34 #992 type.registry] 
New type domain.Bidaiaria

[2025-10-08 19:41:34 #993 type.registry] 
New type domain.Ride

[2025-10-08 19:41:34 #994 type.registry] 
New type domain.Balorazioa

[2025-10-08 19:41:34 #995 type.registry] 
New type domain.Mugimendua

[2025-10-08 19:41:34 #996 type.registry] 
New type domain.Kotxea

[2025-10-08 19:41:34 #997 type.registry] 
New type domain.Alerta

[2025-10-08 19:41:34 #998 type.registry] 
New type domain.Erreklamazioa

[2025-10-08 19:41:34 #999 type.registry] 
New type domain.Mezua

[2025-10-08 19:41:34 #1000 type.registry] 
New type domain.Erreserba

[2025-10-08 19:41:34 #1001 type.registry] 
New type domain.Admin

[2025-10-08 19:41:34 #1002 type.registry] 
New type domain.User

[2025-10-08 19:41:34 #1003 type.registry] 
New type domain.Driver

[2025-10-08 19:41:34 #1004 type.registry] 
New type domain.Bidaiaria

[2025-10-08 19:41:34 #1005 type.registry] 
New type domain.Ride

[2025-10-08 19:41:34 #1006 type.registry] 
New type domain.Balorazioa

[2025-10-08 19:41:34 #1007 type.registry] 
New type domain.Mugimendua

[2025-10-08 19:41:34 #1008 type.registry] 
New type domain.Kotxea

[2025-10-08 19:41:34 #1009 type.registry] 
New type domain.Alerta

[2025-10-08 19:41:34 #1010 type.registry] 
New type domain.Erreklamazioa

[2025-10-08 19:41:34 #1011 type.registry] 
New type domain.Mezua

[2025-10-08 19:41:34 #1012 type.registry] 
New type domain.Erreserba

[2025-10-08 19:41:34 #1013 type.registry] 
New type domain.Admin

[2025-10-08 19:41:34 #1014 type.registry] 
New type domain.User

[2025-10-08 19:41:34 #1015 type.registry] 
New type domain.Driver

[2025-10-08 19:41:34 #1016 type.registry] 
New type domain.Bidaiaria

[2025-10-08 19:41:34 #1017 type.registry] 
New type domain.Ride

[2025-10-08 19:41:34 #1018 type.registry] 
New type domain.Balorazioa

[2025-10-08 19:41:34 #1019 type.registry] 
New type domain.Mugimendua

[2025-10-08 19:41:34 #1020 type.registry] 
New type domain.Kotxea

[2025-10-08 19:41:34 #1021 type.registry] 
New type domain.Alerta

[2025-10-08 19:41:34 #1022 type.registry] 
New type domain.Erreklamazioa

[2025-10-08 19:41:34 #1023 type.registry] 
New type domain.Mezua

[2025-10-08 19:41:34 #1024 type.registry] 
New type domain.Erreserba

[2025-10-08 19:41:34 #1025 type.registry] 
New type domain.Admin

[2025-10-08 19:41:34 #1026 type.registry] 
New type domain.User

[2025-10-08 19:41:34 #1027 type.registry] 
New type domain.Driver

[2025-10-08 19:41:34 #1028 type.registry] 
New type domain.Bidaiaria

[2025-10-08 19:41:34 #1029 type.registry] 
New type domain.Ride

[2025-10-08 19:41:34 #1030 type.registry] 
New type domain.Balorazioa

[2025-10-08 19:41:34 #1031 type.registry] 
New type domain.Mugimendua

[2025-10-08 19:41:34 #1032 type.registry] 
New type domain.Kotxea

[2025-10-08 19:41:34 #1033 type.registry] 
New type domain.Alerta

[2025-10-08 19:41:34 #1034 type.registry] 
New type domain.Erreklamazioa

[2025-10-08 19:41:34 #1035 type.registry] 
New type domain.Mezua

[2025-10-08 19:41:34 #1036 type.registry] 
New type domain.Erreserba

[2025-10-08 19:41:34 #1037 type.registry] 
New type domain.Admin

[2025-10-08 19:41:34 #1038 type.registry] 
New type domain.User

[2025-10-08 19:41:34 #1039 type.registry] 
New type domain.Driver

[2025-10-08 19:41:34 #1040 type.registry] 
New type domain.Bidaiaria

[2025-10-08 19:41:34 #1041 type.registry] 
New type domain.Ride

[2025-10-08 19:41:34 #1042 type.registry] 
New type domain.Balorazioa

[2025-10-08 19:41:34 #1043 type.registry] 
New type domain.Mugimendua

[2025-10-08 19:41:34 #1044 type.registry] 
New type domain.Kotxea

[2025-10-08 19:41:34 #1045 type.registry] 
New type domain.Alerta

[2025-10-08 19:41:34 #1046 type.registry] 
New type domain.Erreklamazioa

[2025-10-08 19:41:34 #1047 type.registry] 
New type domain.Mezua

[2025-10-08 19:41:34 #1048 type.registry] 
New type domain.Erreserba

[2025-10-08 19:41:34 #1049 type.registry] 
New type domain.Admin

[2025-10-08 19:41:34 #1050 type.registry] 
New type domain.User

[2025-10-08 19:41:34 #1051 type.registry] 
New type domain.Driver

[2025-10-08 19:41:34 #1052 type.registry] 
New type domain.Bidaiaria

[2025-10-08 19:41:34 #1053 type.registry] 
New type domain.Ride

[2025-10-08 19:41:34 #1054 type.registry] 
New type domain.Balorazioa

[2025-10-08 19:41:34 #1055 type.registry] 
New type domain.Mugimendua

[2025-10-08 19:41:34 #1056 type.registry] 
New type domain.Kotxea

[2025-10-08 19:41:34 #1057 type.registry] 
New type domain.Alerta

[2025-10-08 19:41:35 #1058 type.registry] 
New type domain.Erreklamazioa

[2025-10-08 19:41:35 #1059 type.registry] 
New type domain.Mezua

[2025-10-08 19:41:35 #1060 type.registry] 
New type domain.Erreserba

[2025-10-08 19:41:35 #1061 type.registry] 
New type domain.Admin

[2025-10-08 19:41:35 #1062 type.registry] 
New type domain.User

[2025-10-08 19:41:35 #1063 type.registry] 
New type domain.Driver

[2025-10-08 19:41:35 #1064 type.registry] 
New type domain.Bidaiaria

[2025-10-08 19:41:35 #1065 type.registry] 
New type domain.Ride

[2025-10-08 19:41:35 #1066 type.registry] 
New type domain.Balorazioa

[2025-10-08 19:41:35 #1067 type.registry] 
New type domain.Mugimendua

[2025-10-08 19:41:35 #1068 type.registry] 
New type domain.Kotxea

[2025-10-08 19:41:35 #1069 type.registry] 
New type domain.Alerta

[2025-10-08 19:41:35 #1070 type.registry] 
New type domain.Erreklamazioa

[2025-10-08 19:41:35 #1071 type.registry] 
New type domain.Mezua

[2025-10-08 19:41:35 #1072 type.registry] 
New type domain.Erreserba

[2025-10-08 19:41:35 #1073 type.registry] 
New type domain.Admin

[2025-10-08 19:41:35 #1074 type.registry] 
New type domain.User

[2025-10-08 19:41:35 #1075 type.registry] 
New type domain.Driver

[2025-10-08 19:41:35 #1076 type.registry] 
New type domain.Bidaiaria

[2025-10-08 19:41:35 #1077 type.registry] 
New type domain.Ride

[2025-10-08 19:41:35 #1078 type.registry] 
New type domain.Balorazioa

[2025-10-08 19:41:35 #1079 type.registry] 
New type domain.Mugimendua

[2025-10-08 19:41:35 #1080 type.registry] 
New type domain.Kotxea

[2025-10-08 19:41:35 #1081 type.registry] 
New type domain.Alerta

[2025-10-08 19:41:35 #1082 type.registry] 
New type domain.Erreklamazioa

[2025-10-08 19:41:35 #1083 type.registry] 
New type domain.Mezua

[2025-10-08 19:41:35 #1084 type.registry] 
New type domain.Erreserba

[2025-10-08 19:41:35 #1085 type.registry] 
New type domain.Admin

[2025-10-08 19:41:35 #1086 type.registry] 
New type domain.User

[2025-10-08 19:41:35 #1087 type.registry] 
New type domain.Driver

[2025-10-08 19:41:35 #1088 type.registry] 
New type domain.Bidaiaria

[2025-10-08 19:41:35 #1089 type.registry] 
New type domain.Ride

[2025-10-08 19:41:35 #1090 type.registry] 
New type domain.Balorazioa

[2025-10-08 19:41:35 #1091 type.registry] 
New type domain.Mugimendua

[2025-10-08 19:41:35 #1092 type.registry] 
New type domain.Kotxea

[2025-10-08 19:41:35 #1093 type.registry] 
New type domain.Alerta

[2025-10-08 19:41:35 #1094 type.registry] 
New type domain.Erreklamazioa

[2025-10-08 19:41:35 #1095 type.registry] 
New type domain.Mezua

[2025-10-08 19:41:35 #1096 type.registry] 
New type domain.Erreserba

[2025-10-08 19:41:35 #1097 type.registry] 
New type domain.Admin

[2025-10-08 19:41:35 #1098 type.registry] 
New type domain.User

[2025-10-08 19:41:35 #1099 type.registry] 
New type domain.Driver

[2025-10-08 19:41:35 #1100 type.registry] 
New type domain.Bidaiaria

[2025-10-08 19:41:35 #1101 type.registry] 
New type domain.Ride

[2025-10-08 19:41:35 #1102 type.registry] 
New type domain.Balorazioa

[2025-10-08 19:41:35 #1103 type.registry] 
New type domain.Mugimendua

[2025-10-08 19:41:35 #1104 type.registry] 
New type domain.Kotxea

[2025-10-08 19:41:35 #1105 type.registry] 
New type domain.Alerta

[2025-10-08 19:41:35 #1106 type.registry] 
New type domain.Erreklamazioa

[2025-10-08 19:41:35 #1107 type.registry] 
New type domain.Mezua

[2025-10-08 19:41:35 #1108 type.registry] 
New type domain.Erreserba

[2025-10-08 19:41:35 #1109 type.registry] 
New type domain.Admin

[2025-10-08 19:41:35 #1110 type.registry] 
New type domain.User

[2025-10-08 19:41:35 #1111 type.registry] 
New type domain.Driver

[2025-10-08 19:41:35 #1112 type.registry] 
New type domain.Bidaiaria

[2025-10-08 19:41:35 #1113 type.registry] 
New type domain.Ride

[2025-10-08 19:41:35 #1114 type.registry] 
New type domain.Balorazioa

[2025-10-08 19:41:35 #1115 type.registry] 
New type domain.Mugimendua

[2025-10-08 19:41:35 #1116 type.registry] 
New type domain.Kotxea

[2025-10-08 19:41:35 #1117 type.registry] 
New type domain.Alerta

[2025-10-08 19:41:35 #1118 type.registry] 
New type domain.Erreklamazioa

[2025-10-08 19:41:35 #1119 type.registry] 
New type domain.Mezua

[2025-10-08 19:41:35 #1120 type.registry] 
New type domain.Erreserba

[2025-10-08 19:41:35 #1121 type.registry] 
New type domain.Admin

[2025-10-08 19:41:35 #1122 type.registry] 
New type domain.User

[2025-10-08 19:41:35 #1123 type.registry] 
New type domain.Driver

[2025-10-08 19:41:35 #1124 type.registry] 
New type domain.Bidaiaria

[2025-10-08 19:41:35 #1125 type.registry] 
New type domain.Ride

[2025-10-08 19:41:35 #1126 type.registry] 
New type domain.Balorazioa

[2025-10-08 19:41:35 #1127 type.registry] 
New type domain.Mugimendua

[2025-10-08 19:41:35 #1128 type.registry] 
New type domain.Kotxea

[2025-10-08 19:41:35 #1129 type.registry] 
New type domain.Alerta

[2025-10-08 19:41:35 #1130 type.registry] 
New type domain.Erreklamazioa

[2025-10-08 19:41:35 #1131 type.registry] 
New type domain.Mezua

[2025-10-08 19:41:35 #1132 type.registry] 
New type domain.Erreserba

[2025-10-08 19:41:35 #1133 type.registry] 
New type domain.Admin

[2025-10-08 19:41:35 #1134 type.registry] 
New type domain.User

[2025-10-08 19:41:35 #1135 type.registry] 
New type domain.Driver

[2025-10-08 19:41:35 #1136 type.registry] 
New type domain.Bidaiaria

[2025-10-08 19:41:35 #1137 type.registry] 
New type domain.Ride

[2025-10-08 19:41:35 #1138 type.registry] 
New type domain.Balorazioa

[2025-10-08 19:41:35 #1139 type.registry] 
New type domain.Mugimendua

[2025-10-08 19:41:35 #1140 type.registry] 
New type domain.Kotxea

[2025-10-08 19:41:35 #1141 type.registry] 
New type domain.Alerta

[2025-10-08 19:41:35 #1142 type.registry] 
New type domain.Erreklamazioa

[2025-10-08 19:41:35 #1143 type.registry] 
New type domain.Mezua

[2025-10-08 19:41:35 #1144 type.registry] 
New type domain.Erreserba

[2025-10-08 19:41:35 #1145 type.registry] 
New type domain.Admin

[2025-10-08 19:41:35 #1146 type.registry] 
New type domain.User

[2025-10-08 19:41:35 #1147 type.registry] 
New type domain.Driver

[2025-10-08 19:41:35 #1148 type.registry] 
New type domain.Bidaiaria

[2025-10-08 19:41:35 #1149 type.registry] 
New type domain.Ride

[2025-10-08 19:41:35 #1150 type.registry] 
New type domain.Balorazioa

[2025-10-08 19:41:35 #1151 type.registry] 
New type domain.Mugimendua

[2025-10-08 19:41:35 #1152 type.registry] 
New type domain.Kotxea

[2025-10-08 19:41:35 #1153 type.registry] 
New type domain.Alerta

[2025-10-08 19:41:35 #1154 type.registry] 
New type domain.Erreklamazioa

[2025-10-08 19:41:35 #1155 type.registry] 
New type domain.Mezua

[2025-10-08 19:41:35 #1156 type.registry] 
New type domain.Erreserba

[2025-10-08 19:41:35 #1157 type.registry] 
New type domain.Admin

[2025-10-08 19:41:35 #1158 type.registry] 
New type domain.User

[2025-10-08 19:41:35 #1159 type.registry] 
New type domain.Driver

[2025-10-08 19:41:35 #1160 type.registry] 
New type domain.Bidaiaria

[2025-10-08 19:41:35 #1161 type.registry] 
New type domain.Ride

[2025-10-08 19:41:35 #1162 type.registry] 
New type domain.Balorazioa

[2025-10-08 19:41:35 #1163 type.registry] 
New type domain.Mugimendua

[2025-10-08 19:41:35 #1164 type.registry] 
New type domain.Kotxea

[2025-10-08 19:41:35 #1165 type.registry] 
New type domain.Alerta

[2025-10-08 19:41:35 #1166 type.registry] 
New type domain.Erreklamazioa

[2025-10-08 19:41:35 #1167 type.registry] 
New type domain.Mezua

[2025-10-08 19:41:35 #1168 type.registry] 
New type domain.Erreserba

[2025-10-08 19:41:35 #1169 type.registry] 
New type domain.Admin

[2025-10-08 19:41:35 #1170 type.registry] 
New type domain.User

[2025-10-08 19:41:35 #1171 type.registry] 
New type domain.Driver

[2025-10-08 19:41:35 #1172 type.registry] 
New type domain.Bidaiaria

[2025-10-08 19:41:35 #1173 type.registry] 
New type domain.Ride

[2025-10-08 19:41:35 #1174 type.registry] 
New type domain.Balorazioa

[2025-10-08 19:41:35 #1175 type.registry] 
New type domain.Mugimendua

[2025-10-08 19:41:35 #1176 type.registry] 
New type domain.Kotxea

[2025-10-08 19:41:35 #1177 type.registry] 
New type domain.Alerta

[2025-10-08 19:41:35 #1178 type.registry] 
New type domain.Erreklamazioa

[2025-10-08 19:41:35 #1179 type.registry] 
New type domain.Mezua

[2025-10-08 19:41:35 #1180 type.registry] 
New type domain.Erreserba

[2025-10-08 19:41:35 #1181 type.registry] 
New type domain.Admin

[2025-10-08 19:41:35 #1182 type.registry] 
New type domain.User

[2025-10-08 19:41:35 #1183 type.registry] 
New type domain.Driver

[2025-10-08 19:41:35 #1184 type.registry] 
New type domain.Bidaiaria

[2025-10-08 19:41:35 #1185 type.registry] 
New type domain.Ride

[2025-10-08 19:41:35 #1186 type.registry] 
New type domain.Balorazioa

[2025-10-08 19:41:35 #1187 type.registry] 
New type domain.Mugimendua

[2025-10-08 19:41:35 #1188 type.registry] 
New type domain.Kotxea

[2025-10-08 19:41:35 #1189 type.registry] 
New type domain.Alerta

[2025-10-08 19:41:35 #1190 type.registry] 
New type domain.Erreklamazioa

[2025-10-08 19:41:35 #1191 type.registry] 
New type domain.Mezua

[2025-10-08 19:41:35 #1192 type.registry] 
New type domain.Erreserba

[2025-10-08 19:41:35 #1193 type.registry] 
New type domain.Admin

[2025-10-08 19:41:35 #1194 type.registry] 
New type domain.User

[2025-10-08 19:41:35 #1195 type.registry] 
New type domain.Driver

[2025-10-08 19:41:35 #1196 type.registry] 
New type domain.Bidaiaria

[2025-10-08 19:41:35 #1197 type.registry] 
New type domain.Ride

[2025-10-08 19:41:35 #1198 type.registry] 
New type domain.Balorazioa

[2025-10-08 19:41:35 #1199 type.registry] 
New type domain.Mugimendua

[2025-10-08 19:41:35 #1200 type.registry] 
New type domain.Kotxea

[2025-10-08 19:41:35 #1201 type.registry] 
New type domain.Alerta

[2025-10-08 19:41:35 #1202 type.registry] 
New type domain.Erreklamazioa

[2025-10-08 19:41:35 #1203 type.registry] 
New type domain.Mezua

[2025-10-08 19:41:35 #1204 type.registry] 
New type domain.Erreserba

[2025-10-08 19:41:35 #1205 type.registry] 
New type domain.Admin

[2025-10-08 19:41:35 #1206 type.registry] 
New type domain.User

[2025-10-08 19:41:35 #1207 type.registry] 
New type domain.Driver

[2025-10-08 19:41:35 #1208 type.registry] 
New type domain.Bidaiaria

[2025-10-08 19:41:35 #1209 type.registry] 
New type domain.Ride

[2025-10-08 19:41:35 #1210 type.registry] 
New type domain.Balorazioa

[2025-10-08 19:41:35 #1211 type.registry] 
New type domain.Mugimendua

[2025-10-08 19:41:35 #1212 type.registry] 
New type domain.Kotxea

[2025-10-08 19:41:35 #1213 type.registry] 
New type domain.Alerta

[2025-10-08 19:41:35 #1214 type.registry] 
New type domain.Erreklamazioa

[2025-10-08 19:41:35 #1215 type.registry] 
New type domain.Mezua

[2025-10-08 19:41:35 #1216 type.registry] 
New type domain.Erreserba

[2025-10-08 19:41:35 #1217 type.registry] 
New type domain.Admin

[2025-10-08 19:41:35 #1218 type.registry] 
New type domain.User

[2025-10-08 19:41:35 #1219 type.registry] 
New type domain.Driver

[2025-10-08 19:41:35 #1220 type.registry] 
New type domain.Bidaiaria

[2025-10-08 19:41:35 #1221 type.registry] 
New type domain.Ride

[2025-10-08 19:41:35 #1222 type.registry] 
New type domain.Balorazioa

[2025-10-08 19:41:35 #1223 type.registry] 
New type domain.Mugimendua

[2025-10-08 19:41:35 #1224 type.registry] 
New type domain.Kotxea

[2025-10-08 19:41:35 #1225 type.registry] 
New type domain.Alerta

[2025-10-08 19:41:35 #1226 type.registry] 
New type domain.Erreklamazioa

[2025-10-08 19:41:35 #1227 type.registry] 
New type domain.Mezua

[2025-10-08 19:41:35 #1228 type.registry] 
New type domain.Erreserba

[2025-10-08 19:41:35 #1229 type.registry] 
New type domain.Admin

[2025-10-08 19:41:35 #1230 type.registry] 
New type domain.User

[2025-10-08 19:41:35 #1231 type.registry] 
New type domain.Driver

[2025-10-08 19:41:35 #1232 type.registry] 
New type domain.Bidaiaria

[2025-10-08 19:41:35 #1233 type.registry] 
New type domain.Ride

[2025-10-08 19:41:35 #1234 type.registry] 
New type domain.Balorazioa

[2025-10-08 19:41:35 #1235 type.registry] 
New type domain.Mugimendua

[2025-10-08 19:41:35 #1236 type.registry] 
New type domain.Kotxea

[2025-10-08 19:41:35 #1237 type.registry] 
New type domain.Alerta

[2025-10-08 19:41:35 #1238 type.registry] 
New type domain.Erreklamazioa

[2025-10-08 19:41:35 #1239 type.registry] 
New type domain.Mezua

[2025-10-08 19:41:35 #1240 type.registry] 
New type domain.Erreserba

[2025-10-08 19:41:35 #1241 type.registry] 
New type domain.Admin

[2025-10-08 19:41:35 #1242 type.registry] 
New type domain.User

[2025-10-08 19:41:35 #1243 type.registry] 
New type domain.Driver

[2025-10-08 19:41:35 #1244 type.registry] 
New type domain.Bidaiaria

[2025-10-08 19:41:35 #1245 type.registry] 
New type domain.Ride

[2025-10-08 19:41:35 #1246 type.registry] 
New type domain.Balorazioa

[2025-10-08 19:41:35 #1247 type.registry] 
New type domain.Mugimendua

[2025-10-08 19:41:35 #1248 type.registry] 
New type domain.Kotxea

[2025-10-08 19:41:35 #1249 type.registry] 
New type domain.Alerta

[2025-10-08 19:41:35 #1250 type.registry] 
New type domain.Erreklamazioa

[2025-10-08 19:41:35 #1251 type.registry] 
New type domain.Mezua

[2025-10-08 19:41:35 #1252 type.registry] 
New type domain.Erreserba

[2025-10-08 19:41:35 #1253 type.registry] 
New type domain.Admin

[2025-10-08 19:41:35 #1254 type.registry] 
New type domain.User

[2025-10-08 19:41:35 #1255 type.registry] 
New type domain.Driver

[2025-10-08 19:41:35 #1256 type.registry] 
New type domain.Bidaiaria

[2025-10-08 19:41:35 #1257 type.registry] 
New type domain.Ride

[2025-10-08 19:41:35 #1258 type.registry] 
New type domain.Balorazioa

[2025-10-08 19:41:35 #1259 type.registry] 
New type domain.Mugimendua

[2025-10-08 19:41:35 #1260 type.registry] 
New type domain.Kotxea

[2025-10-08 19:41:35 #1261 type.registry] 
New type domain.Alerta

[2025-10-08 19:41:35 #1262 type.registry] 
New type domain.Erreklamazioa

[2025-10-08 19:41:35 #1263 type.registry] 
New type domain.Mezua

[2025-10-08 19:41:35 #1264 type.registry] 
New type domain.Erreserba

[2025-10-08 19:41:35 #1265 type.registry] 
New type domain.Admin

[2025-10-08 19:41:35 #1266 type.registry] 
New type domain.User

[2025-10-08 19:41:35 #1267 type.registry] 
New type domain.Driver

[2025-10-08 19:41:35 #1268 type.registry] 
New type domain.Bidaiaria

[2025-10-08 19:41:35 #1269 type.registry] 
New type domain.Ride

[2025-10-08 19:41:35 #1270 type.registry] 
New type domain.Balorazioa

[2025-10-08 19:41:35 #1271 type.registry] 
New type domain.Mugimendua

[2025-10-08 19:41:35 #1272 type.registry] 
New type domain.Kotxea

[2025-10-08 19:41:35 #1273 type.registry] 
New type domain.Alerta

[2025-10-08 19:41:35 #1274 type.registry] 
New type domain.Erreklamazioa

[2025-10-08 19:41:35 #1275 type.registry] 
New type domain.Mezua

[2025-10-08 19:41:35 #1276 type.registry] 
New type domain.Erreserba

[2025-10-08 19:41:35 #1277 type.registry] 
New type domain.Admin

[2025-10-08 19:41:35 #1278 type.registry] 
New type domain.User

[2025-10-08 19:41:35 #1279 type.registry] 
New type domain.Driver

[2025-10-08 19:41:35 #1280 type.registry] 
New type domain.Bidaiaria

[2025-10-08 19:41:35 #1281 type.registry] 
New type domain.Ride

[2025-10-08 19:41:35 #1282 type.registry] 
New type domain.Balorazioa

[2025-10-08 19:41:35 #1283 type.registry] 
New type domain.Mugimendua

[2025-10-08 19:41:35 #1284 type.registry] 
New type domain.Kotxea

[2025-10-08 19:41:35 #1285 type.registry] 
New type domain.Alerta

[2025-10-08 19:41:35 #1286 type.registry] 
New type domain.Erreklamazioa

[2025-10-08 19:41:35 #1287 type.registry] 
New type domain.Mezua

[2025-10-08 19:41:35 #1288 type.registry] 
New type domain.Erreserba

[2025-10-08 19:41:35 #1289 type.registry] 
New type domain.Admin

[2025-10-08 19:41:35 #1290 type.registry] 
New type domain.User

[2025-10-08 19:41:35 #1291 type.registry] 
New type domain.Driver

[2025-10-08 19:41:35 #1292 type.registry] 
New type domain.Bidaiaria

[2025-10-08 19:41:35 #1293 type.registry] 
New type domain.Ride

[2025-10-08 19:41:35 #1294 type.registry] 
New type domain.Balorazioa

[2025-10-08 19:41:35 #1295 type.registry] 
New type domain.Mugimendua

[2025-10-08 19:41:35 #1296 type.registry] 
New type domain.Kotxea

[2025-10-08 19:41:35 #1297 type.registry] 
New type domain.Alerta

[2025-10-08 19:41:35 #1298 type.registry] 
New type domain.Erreklamazioa

[2025-10-08 19:41:35 #1299 type.registry] 
New type domain.Mezua

[2025-10-08 19:41:35 #1300 type.registry] 
New type domain.Erreserba

[2025-10-08 19:41:35 #1301 type.registry] 
New type domain.Admin

[2025-10-08 19:41:35 #1302 type.registry] 
New type domain.User

[2025-10-08 19:41:35 #1303 type.registry] 
New type domain.Driver

[2025-10-08 19:41:35 #1304 type.registry] 
New type domain.Bidaiaria

[2025-10-08 19:41:35 #1305 type.registry] 
New type domain.Ride

[2025-10-08 19:41:35 #1306 type.registry] 
New type domain.Balorazioa

[2025-10-08 19:41:35 #1307 type.registry] 
New type domain.Mugimendua

[2025-10-08 19:41:35 #1308 type.registry] 
New type domain.Kotxea

[2025-10-08 19:41:35 #1309 type.registry] 
New type domain.Alerta

[2025-10-08 19:41:35 #1310 type.registry] 
New type domain.Erreklamazioa

[2025-10-08 19:41:35 #1311 type.registry] 
New type domain.Mezua

[2025-10-08 19:41:35 #1312 type.registry] 
New type domain.Erreserba

[2025-10-08 19:41:35 #1313 type.registry] 
New type domain.Admin

[2025-10-08 19:41:35 #1314 type.registry] 
New type domain.User

[2025-10-08 19:41:35 #1315 type.registry] 
New type domain.Driver

[2025-10-08 19:41:35 #1316 type.registry] 
New type domain.Bidaiaria

[2025-10-08 19:41:35 #1317 type.registry] 
New type domain.Ride

[2025-10-08 19:41:35 #1318 type.registry] 
New type domain.Balorazioa

[2025-10-08 19:41:35 #1319 type.registry] 
New type domain.Mugimendua

[2025-10-08 19:41:35 #1320 type.registry] 
New type domain.Kotxea

[2025-10-08 19:41:35 #1321 type.registry] 
New type domain.Alerta

[2025-10-08 19:41:35 #1322 type.registry] 
New type domain.Erreklamazioa

[2025-10-08 19:41:35 #1323 type.registry] 
New type domain.Mezua

[2025-10-08 19:41:35 #1324 type.registry] 
New type domain.Erreserba

[2025-10-08 19:41:35 #1325 type.registry] 
New type domain.Admin

[2025-10-08 19:41:35 #1326 type.registry] 
New type domain.User

[2025-10-08 19:41:35 #1327 type.registry] 
New type domain.Driver

[2025-10-08 19:41:35 #1328 type.registry] 
New type domain.Bidaiaria

[2025-10-08 19:41:35 #1329 type.registry] 
New type domain.Ride

[2025-10-08 19:41:35 #1330 type.registry] 
New type domain.Balorazioa

[2025-10-08 19:41:35 #1331 type.registry] 
New type domain.Mugimendua

[2025-10-08 19:41:35 #1332 type.registry] 
New type domain.Kotxea

[2025-10-08 19:41:35 #1333 type.registry] 
New type domain.Alerta

[2025-10-08 19:41:35 #1334 type.registry] 
New type domain.Erreklamazioa

[2025-10-08 19:41:35 #1335 type.registry] 
New type domain.Mezua

[2025-10-08 19:41:35 #1336 type.registry] 
New type domain.Erreserba

[2025-10-08 19:41:35 #1337 type.registry] 
New type domain.Admin

[2025-10-08 19:41:35 #1338 type.registry] 
New type domain.User

[2025-10-08 19:41:35 #1339 type.registry] 
New type domain.Driver

[2025-10-08 19:41:35 #1340 type.registry] 
New type domain.Bidaiaria

[2025-10-08 19:41:35 #1341 type.registry] 
New type domain.Ride

[2025-10-08 19:41:35 #1342 type.registry] 
New type domain.Balorazioa

[2025-10-08 19:41:35 #1343 type.registry] 
New type domain.Mugimendua

[2025-10-08 19:41:35 #1344 type.registry] 
New type domain.Kotxea

[2025-10-08 19:41:35 #1345 type.registry] 
New type domain.Alerta

[2025-10-08 19:41:35 #1346 type.registry] 
New type domain.Erreklamazioa

[2025-10-08 19:41:35 #1347 type.registry] 
New type domain.Mezua

[2025-10-08 19:41:35 #1348 type.registry] 
New type domain.Erreserba

[2025-10-08 19:41:35 #1349 type.registry] 
New type domain.Admin

[2025-10-08 19:41:35 #1350 type.registry] 
New type domain.User

[2025-10-08 19:41:35 #1351 type.registry] 
New type domain.Driver

[2025-10-08 19:41:35 #1352 type.registry] 
New type domain.Bidaiaria

[2025-10-08 19:41:35 #1353 type.registry] 
New type domain.Ride

[2025-10-08 19:41:35 #1354 type.registry] 
New type domain.Balorazioa

[2025-10-08 19:41:35 #1355 type.registry] 
New type domain.Mugimendua

[2025-10-08 19:41:35 #1356 type.registry] 
New type domain.Kotxea

[2025-10-08 19:41:35 #1357 type.registry] 
New type domain.Alerta

[2025-10-08 19:41:35 #1358 type.registry] 
New type domain.Erreklamazioa

[2025-10-08 19:41:35 #1359 type.registry] 
New type domain.Mezua

[2025-10-08 19:41:35 #1360 type.registry] 
New type domain.Erreserba

[2025-10-08 19:41:35 #1361 type.registry] 
New type domain.Admin

[2025-10-08 19:41:35 #1362 type.registry] 
New type domain.User

[2025-10-08 19:41:35 #1363 type.registry] 
New type domain.Driver

[2025-10-08 19:41:35 #1364 type.registry] 
New type domain.Bidaiaria

[2025-10-08 19:41:35 #1365 type.registry] 
New type domain.Ride

[2025-10-08 19:41:35 #1366 type.registry] 
New type domain.Balorazioa

[2025-10-08 19:41:35 #1367 type.registry] 
New type domain.Mugimendua

[2025-10-08 19:41:35 #1368 type.registry] 
New type domain.Kotxea

[2025-10-08 19:41:35 #1369 type.registry] 
New type domain.Alerta

[2025-10-08 19:41:35 #1370 type.registry] 
New type domain.Erreklamazioa

[2025-10-08 19:41:35 #1371 type.registry] 
New type domain.Mezua

[2025-10-08 19:41:35 #1372 type.registry] 
New type domain.Erreserba

[2025-10-08 19:41:35 #1373 type.registry] 
New type domain.Admin

[2025-10-08 19:41:35 #1374 type.registry] 
New type domain.User

[2025-10-08 19:41:35 #1375 type.registry] 
New type domain.Driver

[2025-10-08 19:41:35 #1376 type.registry] 
New type domain.Bidaiaria

[2025-10-08 19:41:35 #1377 type.registry] 
New type domain.Ride

[2025-10-08 19:41:35 #1378 type.registry] 
New type domain.Balorazioa

[2025-10-08 19:41:35 #1379 type.registry] 
New type domain.Mugimendua

[2025-10-08 19:41:35 #1380 type.registry] 
New type domain.Kotxea

[2025-10-08 19:41:35 #1381 type.registry] 
New type domain.Alerta

[2025-10-08 19:41:35 #1382 type.registry] 
New type domain.Erreklamazioa

[2025-10-08 19:41:35 #1383 type.registry] 
New type domain.Mezua

[2025-10-08 19:41:35 #1384 type.registry] 
New type domain.Erreserba

[2025-10-08 19:41:35 #1385 type.registry] 
New type domain.Admin

[2025-10-08 19:41:35 #1386 type.registry] 
New type domain.User

[2025-10-08 19:41:35 #1387 type.registry] 
New type domain.Driver

[2025-10-08 19:41:35 #1388 type.registry] 
New type domain.Bidaiaria

[2025-10-08 19:41:35 #1389 type.registry] 
New type domain.Ride

[2025-10-08 19:41:35 #1390 type.registry] 
New type domain.Balorazioa

[2025-10-08 19:41:35 #1391 type.registry] 
New type domain.Mugimendua

[2025-10-08 19:41:35 #1392 type.registry] 
New type domain.Kotxea

[2025-10-08 19:41:35 #1393 type.registry] 
New type domain.Alerta

[2025-10-08 19:41:35 #1394 type.registry] 
New type domain.Erreklamazioa

[2025-10-08 19:41:35 #1395 type.registry] 
New type domain.Mezua

[2025-10-08 19:41:35 #1396 type.registry] 
New type domain.Erreserba

[2025-10-08 19:41:35 #1397 type.registry] 
New type domain.Admin

[2025-10-08 19:41:35 #1398 type.registry] 
New type domain.User

[2025-10-08 19:41:35 #1399 type.registry] 
New type domain.Driver

[2025-10-08 19:41:35 #1400 type.registry] 
New type domain.Bidaiaria

[2025-10-08 19:41:35 #1401 type.registry] 
New type domain.Ride

[2025-10-08 19:41:35 #1402 type.registry] 
New type domain.Balorazioa

[2025-10-08 19:41:35 #1403 type.registry] 
New type domain.Mugimendua

[2025-10-08 19:41:35 #1404 type.registry] 
New type domain.Kotxea

[2025-10-08 19:41:35 #1405 type.registry] 
New type domain.Alerta

[2025-10-08 19:41:35 #1406 type.registry] 
New type domain.Erreklamazioa

[2025-10-08 19:41:35 #1407 type.registry] 
New type domain.Mezua

[2025-10-08 19:41:35 #1408 type.registry] 
New type domain.Erreserba

[2025-10-08 19:41:35 #1409 type.registry] 
New type domain.Admin

[2025-10-08 19:41:35 #1410 type.registry] 
New type domain.User

[2025-10-08 19:41:35 #1411 type.registry] 
New type domain.Driver

[2025-10-08 19:41:35 #1412 type.registry] 
New type domain.Bidaiaria

[2025-10-08 19:41:35 #1413 type.registry] 
New type domain.Ride

[2025-10-08 19:41:35 #1414 type.registry] 
New type domain.Balorazioa

[2025-10-08 19:41:35 #1415 type.registry] 
New type domain.Mugimendua

[2025-10-08 19:41:35 #1416 type.registry] 
New type domain.Kotxea

[2025-10-08 19:41:35 #1417 type.registry] 
New type domain.Alerta

[2025-10-08 19:41:35 #1418 type.registry] 
New type domain.Erreklamazioa

[2025-10-08 19:41:35 #1419 type.registry] 
New type domain.Mezua

[2025-10-08 19:41:35 #1420 type.registry] 
New type domain.Erreserba

[2025-10-08 19:41:35 #1421 type.registry] 
New type domain.Admin

[2025-10-08 19:41:35 #1422 type.registry] 
New type domain.User

[2025-10-08 19:41:35 #1423 type.registry] 
New type domain.Driver

[2025-10-08 19:41:35 #1424 type.registry] 
New type domain.Bidaiaria

[2025-10-08 19:41:35 #1425 type.registry] 
New type domain.Ride

[2025-10-08 19:41:35 #1426 type.registry] 
New type domain.Balorazioa

[2025-10-08 19:41:35 #1427 type.registry] 
New type domain.Mugimendua

[2025-10-08 19:41:35 #1428 type.registry] 
New type domain.Kotxea

[2025-10-08 19:41:35 #1429 type.registry] 
New type domain.Alerta

[2025-10-08 19:41:35 #1430 type.registry] 
New type domain.Erreklamazioa

[2025-10-08 19:41:35 #1431 type.registry] 
New type domain.Mezua

[2025-10-08 19:41:35 #1432 type.registry] 
New type domain.Erreserba

[2025-10-08 19:41:35 #1433 type.registry] 
New type domain.Admin

[2025-10-08 19:41:35 #1434 type.registry] 
New type domain.User

[2025-10-08 19:41:35 #1435 type.registry] 
New type domain.Driver

[2025-10-08 19:41:35 #1436 type.registry] 
New type domain.Bidaiaria

[2025-10-08 19:41:35 #1437 type.registry] 
New type domain.Ride

[2025-10-08 19:41:35 #1438 type.registry] 
New type domain.Balorazioa

[2025-10-08 19:41:35 #1439 type.registry] 
New type domain.Mugimendua

[2025-10-08 19:41:35 #1440 type.registry] 
New type domain.Kotxea

[2025-10-08 19:41:35 #1441 type.registry] 
New type domain.Alerta

[2025-10-08 19:41:35 #1442 type.registry] 
New type domain.Erreklamazioa

[2025-10-08 19:41:35 #1443 type.registry] 
New type domain.Mezua

[2025-10-08 19:41:35 #1444 type.registry] 
New type domain.Erreserba

[2025-10-08 19:41:35 #1445 type.registry] 
New type domain.Admin

[2025-10-08 19:41:35 #1446 type.registry] 
New type domain.User

[2025-10-08 19:41:35 #1447 type.registry] 
New type domain.Driver

[2025-10-08 19:41:35 #1448 type.registry] 
New type domain.Bidaiaria

[2025-10-08 19:41:35 #1449 type.registry] 
New type domain.Ride

[2025-10-08 19:41:35 #1450 type.registry] 
New type domain.Balorazioa

[2025-10-08 19:41:35 #1451 type.registry] 
New type domain.Mugimendua

[2025-10-08 19:41:35 #1452 type.registry] 
New type domain.Kotxea

[2025-10-08 19:41:35 #1453 type.registry] 
New type domain.Alerta

[2025-10-08 19:41:35 #1454 type.registry] 
New type domain.Erreklamazioa

[2025-10-08 19:41:35 #1455 type.registry] 
New type domain.Mezua

[2025-10-08 19:41:35 #1456 type.registry] 
New type domain.Erreserba

[2025-10-08 19:41:35 #1457 type.registry] 
New type domain.Admin

[2025-10-08 19:41:35 #1458 type.registry] 
New type domain.User

[2025-10-08 19:41:35 #1459 type.registry] 
New type domain.Driver

[2025-10-08 19:41:35 #1460 type.registry] 
New type domain.Bidaiaria

[2025-10-08 19:41:35 #1461 type.registry] 
New type domain.Ride

[2025-10-08 19:41:35 #1462 type.registry] 
New type domain.Balorazioa

[2025-10-08 19:41:35 #1463 type.registry] 
New type domain.Mugimendua

[2025-10-08 19:41:35 #1464 type.registry] 
New type domain.Kotxea

[2025-10-08 19:41:35 #1465 type.registry] 
New type domain.Alerta

[2025-10-08 19:41:35 #1466 type.registry] 
New type domain.Erreklamazioa

[2025-10-08 19:41:35 #1467 type.registry] 
New type domain.Mezua

[2025-10-08 19:41:35 #1468 type.registry] 
New type domain.Erreserba

[2025-10-08 19:41:35 #1469 type.registry] 
New type domain.Admin

[2025-10-08 19:41:35 #1470 type.registry] 
New type domain.User

[2025-10-08 19:41:35 #1471 type.registry] 
New type domain.Driver

[2025-10-08 19:41:35 #1472 type.registry] 
New type domain.Bidaiaria

[2025-10-08 19:41:35 #1473 type.registry] 
New type domain.Ride

[2025-10-08 19:41:35 #1474 type.registry] 
New type domain.Balorazioa

[2025-10-08 19:41:35 #1475 type.registry] 
New type domain.Mugimendua

[2025-10-08 19:41:35 #1476 type.registry] 
New type domain.Kotxea

[2025-10-08 19:41:35 #1477 type.registry] 
New type domain.Alerta

[2025-10-08 19:41:35 #1478 type.registry] 
New type domain.Erreklamazioa

[2025-10-08 19:41:35 #1479 type.registry] 
New type domain.Mezua

[2025-10-08 19:41:35 #1480 type.registry] 
New type domain.Erreserba

[2025-10-08 19:41:35 #1481 type.registry] 
New type domain.Admin

[2025-10-08 19:41:35 #1482 type.registry] 
New type domain.User

[2025-10-08 19:41:35 #1483 type.registry] 
New type domain.Driver

[2025-10-08 19:41:35 #1484 type.registry] 
New type domain.Bidaiaria

[2025-10-08 19:41:35 #1485 type.registry] 
New type domain.Ride

[2025-10-08 19:41:35 #1486 type.registry] 
New type domain.Balorazioa

[2025-10-08 19:41:35 #1487 type.registry] 
New type domain.Mugimendua

[2025-10-08 19:41:35 #1488 type.registry] 
New type domain.Kotxea

[2025-10-08 19:41:35 #1489 type.registry] 
New type domain.Alerta

[2025-10-08 19:41:35 #1490 type.registry] 
New type domain.Erreklamazioa

[2025-10-08 19:41:35 #1491 type.registry] 
New type domain.Mezua

[2025-10-08 19:41:35 #1492 type.registry] 
New type domain.Erreserba

[2025-10-08 19:41:35 #1493 type.registry] 
New type domain.Admin

[2025-10-08 19:41:35 #1494 type.registry] 
New type domain.User

[2025-10-08 19:41:35 #1495 type.registry] 
New type domain.Driver

[2025-10-08 19:41:35 #1496 type.registry] 
New type domain.Bidaiaria

[2025-10-08 19:41:35 #1497 type.registry] 
New type domain.Ride

[2025-10-08 19:41:35 #1498 type.registry] 
New type domain.Balorazioa

[2025-10-08 19:41:35 #1499 type.registry] 
New type domain.Mugimendua

[2025-10-08 19:41:35 #1500 type.registry] 
New type domain.Kotxea

[2025-10-08 19:41:35 #1501 type.registry] 
New type domain.Alerta

[2025-10-08 19:41:35 #1502 type.registry] 
New type domain.Erreklamazioa

[2025-10-08 19:41:35 #1503 type.registry] 
New type domain.Mezua

[2025-10-08 19:41:35 #1504 type.registry] 
New type domain.Erreserba

[2025-10-08 19:41:35 #1505 type.registry] 
New type domain.Admin

[2025-10-08 19:41:35 #1506 type.registry] 
New type domain.User

[2025-10-08 19:41:35 #1507 type.registry] 
New type domain.Driver

[2025-10-08 19:41:35 #1508 type.registry] 
New type domain.Bidaiaria

[2025-10-08 19:41:35 #1509 type.registry] 
New type domain.Ride

[2025-10-08 19:41:35 #1510 type.registry] 
New type domain.Balorazioa

[2025-10-08 19:41:35 #1511 type.registry] 
New type domain.Mugimendua

[2025-10-08 19:41:35 #1512 type.registry] 
New type domain.Kotxea

[2025-10-08 19:41:35 #1513 type.registry] 
New type domain.Alerta

[2025-10-08 19:41:35 #1514 type.registry] 
New type domain.Erreklamazioa

[2025-10-08 19:41:35 #1515 type.registry] 
New type domain.Mezua

[2025-10-08 19:41:35 #1516 type.registry] 
New type domain.Erreserba

[2025-10-08 19:41:35 #1517 type.registry] 
New type domain.Admin

[2025-10-08 19:41:35 #1518 type.registry] 
New type domain.User

[2025-10-08 19:41:35 #1519 type.registry] 
New type domain.Driver

[2025-10-08 19:41:35 #1520 type.registry] 
New type domain.Bidaiaria

[2025-10-08 19:41:35 #1521 type.registry] 
New type domain.Ride

[2025-10-08 19:41:35 #1522 type.registry] 
New type domain.Balorazioa

[2025-10-08 19:41:35 #1523 type.registry] 
New type domain.Mugimendua

[2025-10-08 19:41:35 #1524 type.registry] 
New type domain.Kotxea

[2025-10-08 19:41:35 #1525 type.registry] 
New type domain.Alerta

